<?xml version="1.0" encoding="UTF-8"?>
<resource xmlns="http://datacite.org/schema/kernel-4" xmlns:pattern="com.atmire.utils.RegexUtil" xmlns:dspace="http://www.dspace.org/xmlns/dspace/dim" xmlns:xsi="http://www.w3.org/2001/XMLSchema-instance" xsi:schemaLocation="http://datacite.org/schema/kernel-4 http://schema.datacite.org/meta/kernel-4/metadata.xsd">
  <identifier identifierType="DOI">10.17639/NOTT.6241</identifier>
  <creators>
    <creator>
      <creatorName>(:unkn) unknown</creatorName>
    </creator>
  </creators>
  <titles>
    <title>SLAVES OF THE DEVIL AND OTHER WITCHES: A HISTORY OF WITCHCRAFT IN EARLY MODERN EUROPE</title>
  </titles>
  <publisher>University of Nottingham</publisher>
  <publicationYear>2019</publicationYear>
  <contributors>
    <contributor contributorType="DataManager">
      <contributorName>University Of Nottingham</contributorName>
    </contributor>
    <contributor contributorType="HostingInstitution">
      <contributorName>University Of Nottingham</contributorName>
    </contributor>
  </contributors>
  <dates>
    <date dateType="Available">2019-05-02</date>
  </dates>
  <resourceType resourceTypeGeneral="Collection">Other</resourceType>
  <alternateIdentifiers>
    <alternateIdentifier alternateIdentifierType="uri">https://rdmc.nottingham.ac.uk/handle/internal/6248</alternateIdentifier>
  </alternateIdentifiers>
</resource>