<?xml version="1.0" encoding="utf-8"?>
<resource xmlns:xsi="http://www.w3.org/2001/XMLSchema-instance" xmlns="http://datacite.org/schema/kernel-4" xsi:schemaLocation="http://datacite.org/schema/kernel-4 http://schema.datacite.org/meta/kernel-4/metadata.xsd">
  <identifier identifierType="DOI">10.22004/AG.ECON.149188</identifier>
  <creators>
    <creator>
      <creatorName>Cotterill, Ronald</creatorName>
    </creator>
    <creator>
      <creatorName>Cohen, Michael</creatorName>
    </creator>
    <creator>
      <creatorName>Tian, Li</creatorName>
    </creator>
    <creator>
      <creatorName>Cotterill, Ronald</creatorName>
    </creator>
    <creator>
      <creatorName>Cohen, Michael</creatorName>
    </creator>
    <creator>
      <creatorName>Tian, Li</creatorName>
    </creator>
  </creators>
  <titles>
    <title>Private Labels: Supermarket Chain Buyer Power in Action</title>
  </titles>
  <publisher>Unknown</publisher>
  <publicationYear>2006</publicationYear>
  <subjects>
    <subject>Demand and Price Analysis</subject>
  </subjects>
  <dates>
    <date dateType="Updated">2019-08-29T22:37:28.0-05:00</date>
  </dates>
  <language>eng</language>
  <resourceType resourceTypeGeneral="Text">Text</resourceType>
  <descriptions>
    <description descriptionType="Abstract">The issue of supermarket chain power in wholesale markets has been around at least
since the 1930’s when A&amp;P surfaced as a nationwide chain with centralized buying (Adelman,
1959). Curiously those that complained the loudest were not firms that sold to supermarkets.
Small retailers, who were unable to wrest concessions from brand manufacturers or wholesalers
of fresh fruits and vegetables, alleged that large chain buyer power was driving them out of
business. Consequently the Robinson Patman Act (1936) was passed to monitor the exercise of
buyer power and its impact on smaller retailers as well as sellers. Enforcement has always been
a thorny exercise because cost justified large buyer discounts are not illegal.</description>
  </descriptions>
</resource>