<?xml version="1.0" encoding="UTF-8"?>
<resource xmlns="http://datacite.org/schema/kernel-4" xmlns:xsi="http://www.w3.org/2001/XMLSchema-instance" xsi:schemaLocation="http://datacite.org/schema/kernel-4 http://schema.datacite.org/meta/kernel-4.1/metadata.xsd">
  <identifier identifierType="DOI">10.26188/5CD4C6C945296</identifier>
  <creators>
    <creator>
      <creatorName>CHARLES FEIGIN</creatorName>
    </creator>
  </creators>
  <titles>
    <title>UniMelb_Thylacine_Refassem_1.fasta</title>
  </titles>
  <descriptions>
    <description descriptionType="Abstract">Reference-guided assembly of the Tasmanian tiger a.k.a. thylacine (Thylacinus cynocephalus) against the genome assembly of the Tasmanian devil (Sarcophilus harrisii; Assembly: GCA_000189315.1 Devil_ref v7.0). From publication PMID: 29230027.</description>
  </descriptions>
  <subjects>
    <subject schemeURI="http://www.abs.gov.au/ausstats/abs@.nsf/0/6BB427AB9696C225CA2574180004463E" subjectScheme="FOR">60408 Genomics</subject>
  </subjects>
  <publisher>Figshare</publisher>
  <publicationYear>2019</publicationYear>
  <dates>
    <date dateType="Created">2019-05-09</date>
    <date dateType="Updated">2019-05-10</date>
  </dates>
  <resourceType resourceTypeGeneral="Collection">Dataset</resourceType>
  <sizes>
    <size>3147906474 Bytes</size>
  </sizes>
  <rightsList>
    <rights rightsURI="https://creativecommons.org/licenses/by/4.0/">CC BY 4.0</rights>
  </rightsList>
</resource>