<?xml version="1.0" encoding="UTF-8"?>
<resource xmlns="http://datacite.org/schema/kernel-4" xmlns:xsi="http://www.w3.org/2001/XMLSchema-instance" xsi:schemaLocation="http://datacite.org/schema/kernel-4 http://schema.datacite.org/meta/kernel-4.1/metadata.xsd">
  <identifier identifierType="DOI">10.24397/PANGLOSS-0000586</identifier>
  <titles>
    <title xml:lang="en">Miyakma</title>
  </titles>
  <creators>
    <creator>
      <creatorName nameType="Personal">Lahaussois, Aimée</creatorName>
    </creator>
  </creators>
  <contributors>
    <contributor contributorType="Researcher">
      <contributorName nameType="Personal">Lahaussois, Aimée</contributorName>
    </contributor>
    <contributor contributorType="ContactPerson">
      <contributorName>Lahaussois, Aimée</contributorName>
    </contributor>
    <contributor contributorType="Other">
      <contributorName nameType="Personal">Thulung, Lakpa</contributorName>
    </contributor>
    <contributor contributorType="Producer">
      <contributorName nameType="Organizational">Laboratoire de langues et civilisations à tradition orale</contributorName>
    </contributor>
    <contributor contributorType="HostingInstitution">
      <contributorName nameType="Organizational">COllections de COrpus Oraux Numériques</contributorName>
    </contributor>
    <contributor contributorType="HostingInstitution">
      <contributorName nameType="Organizational">Huma-Num</contributorName>
    </contributor>
    <contributor contributorType="HostingInstitution">
      <contributorName nameType="Organizational">Langues et Civilisations à Tradition Orale</contributorName>
    </contributor>
    <contributor contributorType="HostingInstitution">
      <contributorName nameType="Organizational">Centre Informatique National de l'Enseignement Supérieur</contributorName>
    </contributor>
    <contributor contributorType="RightsHolder">
      <contributorName>Lahaussois, Aimée</contributorName>
    </contributor>
  </contributors>
  <rightsList>
    <rights>Freely available for non-commercial use</rights>
    <rights rightsURI="http://creativecommons.org/licenses/by-nc-nd/2.5/">Creative Commons Attribution-NonCommercial 2.5 Generic</rights>
  </rightsList>
  <publisher>Pangloss</publisher>
  <publicationYear>2010</publicationYear>
  <language>tdh</language>
  <subjects>
    <subject>Linguistique</subject>
    <subject schemeURI="http://search.language-archives.org/index.html" subjectScheme="OLAC" xml:lang="fr">Thulung Rai</subject>
    <subject schemeURI="http://search.language-archives.org/index.html" subjectScheme="OLAC" xml:lang="fr">Deusa</subject>
  </subjects>
  <resourceType resourceTypeGeneral="Sound">narrative</resourceType>
  <dates>
    <date dateType="Available">2010-07-07</date>
  </dates>
  <alternateIdentifiers>
    <alternateIdentifier alternateIdentifierType="internal ID">oai:crdo.vjf.cnrs.fr:cocoon-4ca91b70-fbf6-3db4-b532-0a74c98744d1</alternateIdentifier>
    <alternateIdentifier alternateIdentifierType="PURL">http://purl.org/poi/crdo.vjf.cnrs.fr/cocoon-4ca91b70-fbf6-3db4-b532-0a74c98744d1</alternateIdentifier>
    <alternateIdentifier alternateIdentifierType="ARK">http://cocoon.huma-num.fr/exist/crdo/ark:/87895/1.5-125809</alternateIdentifier>
    <alternateIdentifier alternateIdentifierType="Handle">http://hdl.handle.net/10670/1.ng1sek</alternateIdentifier>
  </alternateIdentifiers>
  <relatedIdentifiers>
    <relatedIdentifier relatedIdentifierType="PURL" relationType="IsRequiredBy">http://purl.org/poi/crdo.vjf.cnrs.fr/cocoon-7da61527-3c89-360c-9a98-51677da16867</relatedIdentifier>
    <relatedIdentifier relatedIdentifierType="DOI" relationType="IsPartOf">10.24397/Pangloss</relatedIdentifier>
  </relatedIdentifiers>
  <formats>
    <format>audio</format>
    <format>x-wav</format>
  </formats>
  <sizes>
    <size>PT14M32S</size>
  </sizes>
  <descriptions>
    <description descriptionType="Abstract" xml:lang="en">This is the story of the first human, Miyakma, and how she gave birth to a thorny plant, a tiger, a bear, a monkey and a boy and a girl. Because there are no other humans around, the sister and brother eventually mate, bringing upon themselves the wrath of Khomda, the god who is their father. As a punishment, he sends them down into the bowels of the earth, and after many generations, they attempt to return above ground. They manage to escape by performing a human sacrifice, and realize that they need to dispose of the body of the victim. This leads them to create a "death culture", dealing with corpses differently according to whether the person died by accident or of old age. This "death culture" survives to this day.</description>
  </descriptions>
  <geoLocations>
    <geoLocation>
      <geoLocationPlace>Nepal</geoLocationPlace>
    </geoLocation>
  </geoLocations>
</resource>