<?xml version="1.0" encoding="UTF-8"?>
<resource xmlns="http://datacite.org/schema/kernel-4" xmlns:dspace="http://www.dspace.org/xmlns/dspace/dim" xmlns:xsi="http://www.w3.org/2001/XMLSchema-instance" xsi:schemaLocation="http://datacite.org/schema/kernel-4 http://schema.datacite.org/meta/kernel-4.1/metadata.xsd"><identifier identifierType="DOI">10.17877/DE290R-7635</identifier><creators><creator><creatorName>Falk, Heiko</creatorName></creator><creator><creatorName>Pyka, Robert</creatorName></creator></creators><titles><title>R3D3 Real Robo Rally Dare Devil Druids</title><title titleType="AlternativeTitle">Endbericht</title></titles><publisher>Technische Universität Dortmund</publisher><publicationYear>2007</publicationYear><subjects><subject subjectScheme="ddc">004</subject></subjects><contributors><contributor contributorType="DataManager"><contributorName>Technische Universität Dortmund</contributorName></contributor><contributor contributorType="HostingInstitution"><contributorName>Technische Universität Dortmund</contributorName></contributor></contributors><dates><date dateType="Accepted">2007-02-16</date><date dateType="Available">2007-02-16</date><date dateType="Issued">2007-02-16</date></dates><language>en</language><resourceType resourceTypeGeneral="Text">study thesis</resourceType><alternateIdentifiers><alternateIdentifier alternateIdentifierType="uri">http://hdl.handle.net/2003/23279</alternateIdentifier></alternateIdentifiers><rightsList><rights>open access</rights></rightsList></resource>
