<?xml version="1.0" encoding="UTF-8"?>
<resource xmlns="http://datacite.org/schema/kernel-3" xmlns:xsi="http://www.w3.org/2001/XMLSchema-instance" xmlns:jats="http://www.ncbi.nlm.nih.gov/JATS1" xmlns:ai="http://www.crossref.org/AccessIndicators.xsd" xsi:schemaLocation="http://datacite.org/schema/kernel-3 http://schema.datacite.org/meta/kernel-3/metadata.xsd"><identifier identifierType="DOI">10.5203/pfrb.v11i3.182</identifier><creators><creator><creatorName>Williamson, Dave</creatorName></creator></creators><titles><title>The Devil You Know by Jenn Farrell</title></titles><publisher>Prairie Fire Press, Inc.</publisher><publicationYear>2011</publicationYear><subjects><subject>fiction; short stories; devil you know; jenn farrell</subject></subjects><dates><date dateType="Submitted">2011-10-03</date><date dateType="Accepted">2011-10-03</date><date dateType="Issued">2011-10-03</date><date dateType="Updated">2011-10-04</date></dates><language>en</language><resourceType resourceTypeGeneral="Text">Article</resourceType><alternateIdentifiers><alternateIdentifier alternateIdentifierType="publisherId">2-12-182</alternateIdentifier></alternateIdentifiers><relatedIdentifiers><relatedIdentifier relatedIdentifierType="DOI" relationType="IsPartOf">10.5203/pfrb.v11i3</relatedIdentifier></relatedIdentifiers><rightsList><rights rightsURI=""></rights></rightsList><descriptions><description descriptionType="SeriesInformation">Prairie Fire Review of Books, Vol 11, No 3 (2011)</description></descriptions></resource>
