<?xml version="1.0" encoding="UTF-8"?>
<resource xmlns="http://datacite.org/schema/kernel-4" xmlns:dryad="http://purl.org/dryad/terms/" xmlns:dim="http://www.dspace.org/xmlns/dspace/dim" xmlns:dspace="http://www.dspace.org/xmlns/dspace/dim" xmlns:mets="http://www.loc.gov/METS/" xmlns:xsi="http://www.w3.org/2001/XMLSchema-instance" xsi:schemaLocation="http://datacite.org/schema/kernel-4 http://schema.datacite.org/meta/kernel-4/metadata.xsd">
  <identifier identifierType="DOI">10.5061/DRYAD.S77DK4V/1</identifier>
  <version>1</version>
  <creators>
    <creator>
      <creatorName>Cunningham, Calum</creatorName>
    </creator>
    <creator>
      <creatorName>Scoleri, Vincent</creatorName>
    </creator>
    <creator>
      <creatorName>Johnson, Christopher</creatorName>
    </creator>
    <creator>
      <creatorName>Barmuta, Leon</creatorName>
    </creator>
    <creator>
      <creatorName>Jones, Menna</creatorName>
    </creator>
  </creators>
  <titles>
    <title>Temporal overlap: top-predator decline</title>
  </titles>
  <publisher>Dryad Digital Repository</publisher>
  <publicationYear>2019</publicationYear>
  <subjects>
    <subject>mesopredator release</subject>
    <subject>predator-prey</subject>
    <subject>temporal partitioning of activity</subject>
    <subject>apex predator</subject>
    <subject>trophic cascade</subject>
    <subject>Tasmania</subject>
    <subject>Australia</subject>
    <subject>Sarcophilus harrisii</subject>
    <subject>Dasyurus maculatus</subject>
    <subject>Felis catus</subject>
    <subject>Thylogale billardierii</subject>
    <subject>Macropus rufogriseus</subject>
    <subject>Vombatus ursinus</subject>
  </subjects>
  <dates>
    <date dateType="Accepted">2019-09-06</date>
  </dates>
  <resourceType resourceTypeGeneral="Dataset">DataFile</resourceType>
  <relatedIdentifiers>
    <relatedIdentifier relationType="IsPartOf" relatedIdentifierType="DOI">10.5061/DRYAD.S77DK4V</relatedIdentifier>
  </relatedIdentifiers>
  <sizes>
    <size>2365489 bytes</size>
    <size>746 bytes</size>
  </sizes>
  <rightsList>
    <rights>At the request of the author, this item is embargoed until the associated article is published.</rights>
  </rightsList>
  <descriptions>
    <description descriptionType="Other">Camera data used to analyse changes in temporal activity on the Tasmanian mainland in response to Tasmanian devil population declines. This data file was used in the analysis of circular overlap, and was used to produce the left column of Figure 2 from our paper in Ecography. See README for details about variables.</description>
  </descriptions>
</resource>