<?xml version="1.0" encoding="UTF-8"?>
<resource xmlns="http://datacite.org/schema/kernel-3" xmlns:xsi="http://www.w3.org/2001/XMLSchema-instance" xsi:schemaLocation="http://datacite.org/schema/kernel-3 http://schema.datacite.org/meta/kernel-3/metadata.xsd">
  <identifier identifierType="DOI">10.26300/2D2X-HH05</identifier>
  <creators>
    <creator>
      <creatorName>Campbell, Andrew Steven</creatorName>
    </creator>
  </creators>
  <titles>
    <title>Beware the "Hive of Presbytery": The Scottish Presbyterian as Folk Devil in Restoration Britain</title>
  </titles>
  <publisher>Brown University</publisher>
  <publicationYear>2018</publicationYear>
  <resourceType resourceTypeGeneral="Text">Text</resourceType>
</resource>