<?xml version="1.0" encoding="UTF-8"?>
<resource xmlns="http://datacite.org/schema/kernel-4" xmlns:xsi="http://www.w3.org/2001/XMLSchema-instance" xsi:schemaLocation="http://datacite.org/schema/kernel-4 http://schema.datacite.org/meta/kernel-4.1/metadata.xsd">
  <identifier identifierType="DOI">10.25384/SAGE.C.4352528</identifier>
  <creators>
    <creator>
      <creatorName>Karolina A. Ścigała</creatorName>
    </creator>
    <creator>
      <creatorName>Christoph Schild</creatorName>
    </creator>
    <creator>
      <creatorName>Daniel W. Heck</creatorName>
    </creator>
    <creator>
      <creatorName>Ingo Zettler</creatorName>
    </creator>
  </creators>
  <titles>
    <title>Who Deals With the Devil? Interdependence, Personality, and Corrupted Collaboration</title>
  </titles>
  <descriptions>
    <description descriptionType="Abstract">&lt;div&gt;&lt;p&gt;Corrupted collaboration, that is, gaining personal profits through collaborative immoral acts, is a common and destructive phenomenon in societies. Despite the societal relevance of corrupted collaboration, the role of one’s own as well as one’s partner’s characteristics has hitherto remained unexplained. In the present study, we test these roles using the sequential dyadic die-rolling paradigm (&lt;i&gt;N&lt;/i&gt; = 499 across five conditions). Our results indicate that interacting with a fully dishonest partner leads to higher cheating rates than interacting with a fully honest partner, although being paired with a fully honest partner does not eliminate dishonesty completely. Furthermore, we found that the basic personality dimension of Honesty–Humility is consistently negatively related to collaborative dishonesty irrespective of whether participants interact with fully honest or fully dishonest partners. Overall, our investigation provides new insights on the role of interaction partner’s characteristics in settings allowing for corrupted collaboration.&lt;/p&gt;&lt;/div&gt;</description>
  </descriptions>
  <subjects>
    <subject schemeURI="http://www.abs.gov.au/ausstats/abs@.nsf/0/6BB427AB9696C225CA2574180004463E" subjectScheme="FOR">170199 Psychology not elsewhere classified</subject>
  </subjects>
  <publisher>SAGE Journals</publisher>
  <publicationYear>2018</publicationYear>
  <dates>
    <date dateType="Created">2019-01-01</date>
    <date dateType="Updated">2019-10-03</date>
  </dates>
  <resourceType resourceTypeGeneral="Collection">Collection</resourceType>
  <relatedIdentifiers>
    <relatedIdentifier relatedIdentifierType="DOI" relationType="IsSupplementTo">10.1177/1948550618813419</relatedIdentifier>
  </relatedIdentifiers>
  <rightsList>
    <rights rightsURI="https://creativecommons.org/licenses/by/4.0/">CC BY 4.0</rights>
  </rightsList>
</resource>