<?xml version="1.0"?>
<resource xmlns="http://datacite.org/schema/kernel-3" xmlns:xsi="http://www.w3.org/2001/XMLSchema-instance" xsi:schemaLocation="http://datacite.org/schema/kernel-3 http://schema.datacite.org/meta/kernel-3/metadata.xsd"><identifier identifierType="DOI">10.4225/03/5921157ce11ab</identifier><creators><creator><creatorName>Rhiannyn Geeson</creatorName></creator><creator><creatorName>Frank Scha&#x308;tzing</creatorName></creator></creators><titles><title>Extract from Tod und Teufel (Death and the Devil)</title></titles><descriptions><description descriptionType="Abstract">Extract from Frank Scha&#x308;tzing&#x2019;s &lt;i&gt;Tod und Teufel&lt;/i&gt; (Death and the Devil)&lt;div&gt;&lt;br&gt;&lt;/div&gt;&lt;div&gt;Frank Scha&#x308;tzing was born in Cologne, Germany. He is a Creative Director for advertising companies and co-founder of an advertising agency in Cologne. The best-seller, &lt;i&gt;Tod und Teufel&lt;/i&gt; (Death and the Devil), an historical crime novel, is his first work, published in 1995. Since then, he has published six books, the most recent of which is &lt;i&gt;Der Schwarm&lt;/i&gt; (The Swarm), published in 2004.&lt;br&gt;&lt;/div&gt;&lt;div&gt;&lt;br&gt;&lt;/div&gt;&lt;div&gt;&lt;i&gt;Tod und Teufel&lt;/i&gt; is set in medieval Cologne, at the time of the construction of the Cologne Cathedral. The protagonist, Jacob &#x2018;the Fox,&#x2019; petty thief and idle trickster, is the only &#x2013; and unintentional &#x2013; witness to the murder of the Cathedral&#x2019;s master builder, and is consequently hunted by the assassin, Urquhart &#x2018;the Wolf&#x2019;. Jacob is then drawn in to the intrigue and politics surrounding the death, and, with the help of newly-won friends, attempts to spoil the plot of some of the richest families in Medieval Cologne, and survive the hunt of the Wolf.&lt;br&gt;&lt;/div&gt;</description></descriptions><subjects><subject schemeURI="http://www.abs.gov.au/ausstats/abs@.nsf/0/6BB427AB9696C225CA2574180004463E" subjectScheme="FOR">200512 Literature in German</subject></subjects><publisher>Figshare</publisher><publicationYear>2017</publicationYear><dates><date dateType="Created">2017-05-05</date><date dateType="Updated">2017-05-21</date></dates><resourceType resourceTypeGeneral="Text">Paper</resourceType><sizes><size>115661 Bytes</size></sizes><rightsList><rights rightsURI="http://rightsstatements.org/page/InC/1.0/?language=en">In Copyright</rights></rightsList></resource>
