<?xml version="1.0" encoding="UTF-8"?>
<resource xmlns="http://datacite.org/schema/kernel-3" xmlns:xsi="http://www.w3.org/2001/XMLSchema-instance" xmlns:jats="http://www.ncbi.nlm.nih.gov/JATS1" xmlns:ai="http://www.crossref.org/AccessIndicators.xsd" xsi:schemaLocation="http://datacite.org/schema/kernel-3 http://schema.datacite.org/meta/kernel-3/metadata.xsd"><identifier identifierType="DOI">10.15460/aethiopica.8.1.328</identifier><creators><creator><creatorName>Marrassini, Paolo</creatorName></creator></creators><titles><title>The “Egyptian Saints” of the Abyssinian Hagiography</title></titles><publisher>Universität Hamburg, Hiob Ludolf Centre for Ethiopian Studies</publisher><publicationYear>2012</publicationYear><subjects><subject>Hagiography; Christianity; Egyptian Saints; Religion; History;</subject><subject subjectScheme="http://sub.uni-hamburg.de">ddc:010; ddc:090; ddc:230; ddc:890; ddc:900; ddc:920; ddc:960</subject></subjects><dates><date dateType="Submitted">2012-11-17</date><date dateType="Accepted">2012-11-17</date><date dateType="Issued">2012-11-19</date><date dateType="Updated">2013-01-31</date></dates><language>en</language><resourceType resourceTypeGeneral="Text">Article</resourceType><alternateIdentifiers><alternateIdentifier alternateIdentifierType="publisherId">5-21-328</alternateIdentifier></alternateIdentifiers><relatedIdentifiers><relatedIdentifier relatedIdentifierType="DOI" relationType="IsPartOf">10.15460/aethiopica.8.1</relatedIdentifier></relatedIdentifiers><sizes><size>112-129 Pages</size></sizes><rightsList><rights rightsURI=""></rights></rightsList><descriptions><description descriptionType="Abstract">It seems possible to isolate a group of saints born in Egypt (or living there for a long time), different from the traditional saints of that country mainly because they were not martyrs, and substituted the martyrdom by penances and absolute asceticism; the presence of the desert is much more pronounced than in the rest of Abyssinian hagiography, and nearly absolute; the activity of the devil is also very heavily marked; almost all of them are of “Roman” birth or connection. They are Bula/Abib, Gabra Krestos/Alexius, Latṣun, Nob, Gabra Manfas Qeddus, John the Oriental, maybe Tadēwos of Dabra Bartarwa, Yoḥanni of Däbrä ʿAśa, and some others, to which the “Aksumite” saints must be added. The relationship of these saints among themselves is also demonstrated by the codices, in which the “Life” or the hymnography pertaining to one or more of them occur together with those of some of the others, in different combinations.</description><description descriptionType="SeriesInformation">Aethiopica, Vol 8 (2005)</description></descriptions></resource>
