<?xml version="1.0" encoding="UTF-8"?>
<resource xmlns="http://datacite.org/schema/kernel-4" xmlns:xsi="http://www.w3.org/2001/XMLSchema-instance" xsi:schemaLocation="http://datacite.org/schema/kernel-4 http://schema.datacite.org/meta/kernel-4/metadata.xsd">
  <identifier identifierType="DOI">10.26088/INOB.2018.5.28768</identifier>
  <creators>
    <creator>
      <creatorName>Маштаков, Д.А.</creatorName>
      <affiliation>ФГБОУ ВО «Саратовский государственный аграрный университет им. Н. И. Вавилова»</affiliation>
    </creator>
    <creator>
      <creatorName>Терешкин, А.В.</creatorName>
      <affiliation>ФГБОУ ВО «Саратовский государственный аграрный университет им. Н. И. Вавилова»</affiliation>
    </creator>
    <creator>
      <creatorName>Щербакова, А.А.</creatorName>
      <affiliation>ФГБОУ ВО «Саратовский государственный аграрный университет им. Н. И. Вавилова»</affiliation>
    </creator>
  </creators>
  <titles>
    <title>ОПТИМИЗАЦИЯ АССОРТИМЕНТА ДРЕВЕСНЫХ ПОРОД НА ТЕРРИТОРИЯХ ДЕТСКИХ ОЗДОРОВИТЕЛЬНЫХ ЛАГЕРЕЙ ПРАВОБЕРЕЖЬЯ САРАТОВСКОЙ ОБЛАСТИ</title>
    <title titleType="TranslatedTitle">OPTIMIZATION OF TREE SPECIES ASSORTMENT AT THE CHILDREN’S HEALTH CAMPS TERRITORIES ON THE SARATOV REGION VOLGA RIGHT BANK</title>
  </titles>
  <publisher>НАУЧНАЯ ЖИЗНЬ</publisher>
  <publicationYear>2018</publicationYear>
  <subjects>
    <subject>детский оздоровительный лагерь</subject>
    <subject>ассортимент древесных пород</subject>
    <subject>озеленение</subject>
    <subject>эстетическая и санитарная оценки пород</subject>
    <subject>оптимизация</subject>
    <subject>children’s health camp</subject>
    <subject>assortment of tree species</subject>
    <subject>landscaping</subject>
    <subject>aesthetic and sanitary assessment of species</subject>
    <subject>optimization</subject>
  </subjects>
  <language>ru</language>
  <dates>
    <date dateType="Issued">2018-06-29</date>
  </dates>
  <resourceType resourceTypeGeneral="Text">Journal Article</resourceType>
  <relatedIdentifiers>
    <relatedIdentifier relatedIdentifierType="URL" relationType="IsCitedBy">http://www.sced.ru/ru/index.php?option=com_content&amp;view=article&amp;id=733optimizaciya-assortimenta-drevesnyh-porod-na-territoriyah-detskih-ozdorovitelnyh-lagerey-pravoberezhya-saratovskoy-oblasti&amp;catid=58&amp;Itemid=156</relatedIdentifier>
    <relatedIdentifier relatedIdentifierType="ISSN" relationType="IsPartOf">1991-9476</relatedIdentifier>
  </relatedIdentifiers>
  <descriptions>
    <description descriptionType="Abstract">Детские оздоровительные лагеря (ДОЛ) играют важную роль для оздоровления и организованного отдыха детей в любой природно-климатической зоне страны. И главным средообразующим фактором на территории оздоровительных лагерей являются зеленые насаждения. Требования к зеленым насаждениям на территории детских лагерей достаточно высоки и включают запрет использования ядовитых и колючих древесных и кустарниковых пород, а также тех видов, которые могут вызвать аллергические реакции у детей. Доля озеленения детских лагерей в степной зоне составила 36,4–40,9%, в лесостепной зоне – 31–53,9%, что является недостаточным показателем. Используемый ассортимент древесных и кустарниковых видов растений недостаточно разнообразен и представлен 22 видами, тогда как для условий Саратовской области, используемый ассортимент может быть представлен 40 видами. Однако при рекомендации к применению ассортимента необходимо учитывать принадлежность видов к тем или иным лесорастительным условиям. С помощью интегральной оценки установлено, что наиболее высокую степень декоративности имеют каштан конский обыкновенный, липа сердцелистная, робиния лжеакация, рябина обыкновенная, сирень обыкновенная, слива домашняя, яблоня лесная с количеством баллов 31 и более. Поэтому такие виды рекомендуется использовать в озеленении детских лагерей для условий Саратовской области в первую очередь. С целью обогащения видового разнообразия древесно-кустарниковых пород и увеличения декоративности насаждений, основу последних должны составлять виды, обладающие хорошим санитарным состоянием, но имеющие низкий бал декоративности (дуб черешчатый и др.), с дополнением видов с высокими показателями декоративности (робиния лжеакация, орех маньчжурский, черемуха виргинская и др.).

</description>
    <description descriptionType="Abstract">Children’s health camps (CHC) play an important role for the recovery and organized recreation of children in any natural and climatic zone of the country. And the main environment­forming factor in the health camps is green plantations. The requirements for green areas in the camps are quite high and include the prohibition of the use of poisonous and thorny tree and shrub species, as well as those that can cause allergic reactions in children. The proportion of landscaping of children’s camps in the steppe zone was 36.4­40.9%, in the forest­steppe zone – 31–53.9%, which is an insufficient amount. The assortment of woody and shrubby plants is not sufficiently diverse and is represented by 22 species, whereas for the conditions of the Saratov region, the assortment used can be represented by 40 species. However, when recommending the use of the assortment, it is necessary to take into account the belonging of the species to one or another site type. With the help of an integrated assessment it is established that the highest degree of decorativeness is of horse chestnut, big­leaf linden, black locust, mountain ash, lilac, plum and apple tree with a score of 31 or more. Therefore, such species are recommended to use in the first place for the landscaping of children’s camps for the conditions of the Saratov region. For the purpose of enriching the species diversity of tree and shrub species and increasing the ornamental quality of plantations, the basis for the latter should be species that have a good sanitary condition, but have a low decorativeness ball (English oak, etc.), with the addition of species with high decorativeness (black locust, Manchurian walnut, wild black cherry, etc.).

</description>
    <description descriptionType="SeriesInformation">№5 (2019)</description>
  </descriptions>
</resource>