<?xml version='1.0' encoding='UTF-8'?><resource xmlns="http://datacite.org/schema/kernel-3" xmlns:xsi="http://www.w3.org/2001/XMLSchema-instance" xsi:schemaLocation="http://datacite.org/schema/kernel-3 http://schema.datacite.org/meta/kernel-3/metadata.xsd"><identifier identifierType="DOI">10.5449/idslu-001104706</identifier><creators><creator><creatorName>Dupret, Baudouin</creatorName></creator></creators><titles><title>&lt;&lt;The>> judge, the apirits and the law: devil possession, personal agency and mind/body dichotomy in an Egyptian courtroom</title></titles><publisher>(:unav)</publisher><publicationYear>2009</publicationYear><dates><date dateType="Available">2009</date></dates><language>eng</language><resourceType resourceTypeGeneral="Text"></resourceType></resource>