<?xml version="1.0" encoding="UTF-8"?>
<resource xmlns:xsi="http://www.w3.org/2001/XMLSchema-instance" xmlns="http://datacite.org/schema/kernel-3" xsi:schemaLocation="http://datacite.org/schema/kernel-3 http://schema.datacite.org/meta/kernel-3/metadata.xsd"><identifier identifierType="DOI">10.17605/OSF.IO/BDS35</identifier><creators><creator><creatorName>Regnault, Sophie</creatorName></creator><creator><creatorName>Hutchinson, John</creatorName></creator></creators><titles><title>Sesamoid bones in tuatara</title></titles><publisher>Open Science Framework</publisher><publicationYear>2016</publicationYear></resource>