<?xml version="1.0" encoding="utf-8"?>
<resource xmlns:xsi="http://www.w3.org/2001/XMLSchema-instance" xmlns="http://datacite.org/schema/kernel-4" xsi:schemaLocation="http://datacite.org/schema/kernel-4 http://schema.datacite.org/meta/kernel-4.1/metadata.xsd">
  <identifier identifierType="DOI">10.5281/ZENODO.274674</identifier>
  <creators>
    <creator>
      <creatorName>Savage, Jay M.</creatorName>
      <givenName>Jay M.</givenName>
      <familyName>Savage</familyName>
    </creator>
    <creator>
      <creatorName>Bolaños, Federico</creatorName>
      <givenName>Federico</givenName>
      <familyName>Bolaños</familyName>
    </creator>
  </creators>
  <titles>
    <title>A checklist of the Amphibians and Reptiles of Costa Rica: Additions and nomenclatural revisions</title>
  </titles>
  <publisher>Zenodo</publisher>
  <publicationYear>2009</publicationYear>
  <subjects>
    <subject>Biodiversity</subject>
    <subject>Taxonomy</subject>
    <subject>Animalia</subject>
    <subject>Arthropoda</subject>
    <subject>Insecta</subject>
    <subject>Coleoptera</subject>
    <subject>Carabidae</subject>
    <subject>Chordata</subject>
    <subject>Amphibia</subject>
    <subject>Caudata</subject>
    <subject>Tracheophyta</subject>
    <subject>Magnoliopsida</subject>
    <subject>Asterales</subject>
    <subject>Asteraceae</subject>
    <subject>Plantae</subject>
    <subject>Boraginales</subject>
    <subject>Boraginaceae</subject>
    <subject>Reptilia</subject>
    <subject>Testudinata</subject>
    <subject>Crocodilia</subject>
  </subjects>
  <dates>
    <date dateType="Issued">2009-12-31</date>
  </dates>
  <resourceType resourceTypeGeneral="Text">Journal article</resourceType>
  <alternateIdentifiers>
    <alternateIdentifier alternateIdentifierType="lsid">urn:lsid:plazi.org:pub:FFCBFFF4FFCDFF90B771FFEBFFEE0F0D</alternateIdentifier>
    <alternateIdentifier alternateIdentifierType="url">https://zenodo.org/record/274674</alternateIdentifier>
  </alternateIdentifiers>
  <relatedIdentifiers>
    <relatedIdentifier relatedIdentifierType="URL" relationType="HasPart">http://treatment.plazi.org/id/03F2878CFFCCFF91B7E6FF04FCC20C32</relatedIdentifier>
    <relatedIdentifier relatedIdentifierType="URL" relationType="HasPart">http://treatment.plazi.org/id/03F2878CFFCCFF92B7E6FC9DFD030A29</relatedIdentifier>
    <relatedIdentifier relatedIdentifierType="URL" relationType="HasPart">http://treatment.plazi.org/id/03F2878CFFCFFF99B7E6FAB0FCBA0E8F</relatedIdentifier>
    <relatedIdentifier relatedIdentifierType="URL" relationType="HasPart">http://treatment.plazi.org/id/03F2878CFFC4FF9CB7E6FDB1FCE40A90</relatedIdentifier>
    <relatedIdentifier relatedIdentifierType="URL" relationType="HasPart">http://treatment.plazi.org/id/03F2878CFFDFFF83B7E6FA47FCEB094D</relatedIdentifier>
    <relatedIdentifier relatedIdentifierType="URL" relationType="HasPart">http://treatment.plazi.org/id/03F2878CFFDEFF84B7E6F99DFD820E0E</relatedIdentifier>
    <relatedIdentifier relatedIdentifierType="URL" relationType="IsPartOf">https://zenodo.org/communities/biosyslit</relatedIdentifier>
  </relatedIdentifiers>
  <rightsList>
    <rights rightsURI="info:eu-repo/semantics/closedAccess">Closed Access</rights>
  </rightsList>
  <descriptions>
    <description descriptionType="Abstract">Savage, Jay M., Bolaños, Federico (2009): A checklist of the Amphibians and Reptiles of Costa Rica: Additions and nomenclatural revisions. Zootaxa 2005: 1-23, DOI: 10.5281/zenodo.274674</description>
    <description descriptionType="Other">{"references": ["Abarca, J. (2006) Gecos caseros (Hemidactylus): biologia e impacto en Costa Rica. Ambientico, 159, 2-6.", "Bolanos, F. &amp; Wake, D.B. (2009) Two new species of montane web-footed salamanders (Plethodontidae: Bolitoglossa) from the Costa Rica-Panama border region. Zootaxa, 1981, 57-68.", "Bonin, F.; Devaux, B. &amp; Dupre, A. (2006) Turtles of the World. John Hopkins University Press, Baltimore, U.S.A., 416 pp.", "Campbell, J.A. &amp; Lamar, W.W. (2004) The Venomous Reptiles of the Western Hemisphere. Comstock, Ithaca and London, 870 pp.", "Chaparro, J.C.; Pramuk, J. &amp; Gluesenkamp, A. (2007) A new species of arboreal Rhinella (Anura: Bufonidae) from cloud forest of southeastern Peru. Herpetologica, 63, 203-212.", "Che, J.; Pang, J.; Zhao, H.; Wu, G.; Zhao, E. &amp; Zhang, Y. (2007) Phylogeny of Raninae (Anura: Ranidae) inferred from mitochondrial and nuclear sequences. Molecular Phylogenetics and Evolution, 43, 1-13.", "Chippaux, J. P. (1986) Les serpents de Guyane Francaise. Faune Tropicale, 27, 1-165.", "Cisneros-Heredia D.F. &amp; McDiarmid, R.W. (2006) A new species of the genus Centrolene (Amphibia: Anura: Centrolenidae) from Ecuador with comments on the taxonomy and biogeography of glassfrogs. Zootaxa, 1244, 1-32.", "Crawford, A.J. &amp; Smith, E.N. (2005) Cenozoic biogeography and evolution in direct-developing frogs of Central America (Leptodactylidae: Eleutherodactylus) as inferred from a phylogenetic analysis of nuclear and mitochondrial genes. Molecular Phylogenetics and Evolution, 35, 536-555.", "Devitt, T.J.; LaDuc, T.J. &amp; McGuire, J.A. (2008) The Trimorphodon biscutatus (Squamata: Colubridae) species complex revisited: A multivariate statistical analysis of geographic variation. Copeia, 2007, 370-387.", "Doan, T.M. &amp; Castoe, T.A. (2005) Phylogenetic taxonomy of the Cercosaurini (Squamata: Gymnophthalmidae), with new genera for species of Neusticurus and Proctoporus. Zoological Journal of the Linnean Society, 143, 405-416.", "Dowling, H.G. &amp; Pinou, T. (2003) Xenodermatid snakes in America. Herpetological Review, 34, 20-23.", "Faivovich, J.; Haddad, C.F.B.; Garcia, P.C.A.; Frost, D.R.; Campbell, J.A. &amp; Wheeler, W.C. (2005) Systematic review of the frog family Hylidae, with special reference to Hylinae: phylogenetic analysis and taxonomic revision. Bulletin of the American Museum of Natural History, 294, 1-240.", "Fritz, U. &amp; Havas, P. (2006) Checklist of Chelonians of the World, at the request of the CITES Nomenclature Committee and the German Agency for Nature Conservation. Dresden: German Federal Ministry of Environment, Nature Conservation and Nuclear Safety and Museum of Zoology, 230 pp.", "Frost, D.R.; Grant, T.; Faivovich, J.; Bain, R.H.; Haas, A.; Haddad, C.F.B.; de Sa, R.O.; Channing, A.; Wilkinson, M.; Donnellan, S.C.; Raxworthy, C.J.; Campbell, J.A.; Blotto, B.L.; Moler, P.; Drewes, R.C.; Nussbaum, R.A.; Lynch, J.D.; Green, D.M. &amp; Wheeler, W.C. (2006) The amphibian tree of life. Bulletin of the American Museum of Natural History, 297, 1-370.", "Frost, D.R.; Grant, T. &amp; Mendelson III, J.R. (2006) Ollotis Cope, 1875 is the oldest name for the genus currently referred to as Cranopsis Cope, 1875 (Anura: Hyloides: Bufonidae). Copeia, 2006, 558.", "Garcia-Paris, M.; Parra-Olea, G. &amp; Wake, D.B. (2008) Description of a new species of the Bolitoglossa subpalmata group (Caudata: Plethodontidae) from Costa Rica. Herpetological Journal, 18, 23-31.", "Grant, T.; Frost, D.R.; Caldwell, J.P.; Gagliardo, R.W.; Haddad, C.F.B.; Kok, P.J.R.; Means, D.B.; Noonan, B.P.; Schargel, W.E. &amp; Wheeler, W.C. (2006) Phylogenetic systematics of dart-poison frogs and their relatives (Amphibia, Athesphatanura, Dendrobatidae). Bulletin of the American Museum of Natural History, 299, 1-262.", "Griffith, H.; Ngo, A. &amp; Murphy, R.W. (2000) A cladistic evaluation of the cosmopolitan genus Eumeces Wiegmann (Reptilia, Squamata, Scincidae). Russian Journal of Herpetology, 7, 1-16.", "Hanken, J.; Wake, D.B. &amp; Savage, J.M. (2005) A solution to the large black salamander problem (genus Bolitoglossa) in Costa Rica and Panama. Copeia, 2005, 227-245 .", "Hedges, S.B.; Duellman, W.E. &amp; Heinicke, M.P. (2008) New World direct-developing frogs (Anura: Terrarana): Molecular phylogeny, classification, biogeography, and conservation. Zootaxa, 1737, 1-182.", "Heinicke, M.P.; Duellman, W.E. &amp; Hedges, S.B. (2007) Major Caribbean and Central American frog faunas originated by ancient oceanic dispersal. Proceedings of the National Academy of Sciences, 104, 10092-10097.", "Heyer, W.R. (2002) Leptodactylus fragilis, the valid name for the Middle American and northern South American whitelipped frog (Amphibia: Leptodactylidae). Proceedings of the Biological Society of Washington, 115, 321-322.", "Heyer, W.R. (2005) Variation and taxonomic clarification of the large species of the Leptodactylus pentadactylus species group (Amphibia: Leptodactylidae) from Middle America, northern South America, and Amazonia. Arquivos de Zoologia, 37, 269-348.", "Hulebak, E. &amp; Poe, S. (2006) Anolis pandoensis is a junior synonym of Anolis kemptoni. Caribbean Journal of Science, 42, 268-270.", "Jackman, T.R.; Larson, A.; De Queiroz, K. &amp; Losos, J.B. (1999) Phylogenetic relationships and tempo of early diversification in Anolis lizards. Systematic Biology, 48, 254-285.", "King, F.W. &amp; Burke, R.L. (1989) Crocodilian, Tuatara and Turtle Species of the World. A taxonomic and geographic reference. Assoc. Systematics Collections, Washington, D.C, 216 pp.", "Kohler, G.; McCranie, J.R.; Nicholson, K.E. &amp; Kreutz, J. (2003) Geographic variation in hemipenis morphology in Norops humilis (Peters), and the status of N. quaggulus (Cope) (Squamata: Polychrotidae). Senckenbergiana Biologica, 82, 213-222.", "Kohler, G. &amp; Sunyer, J. (2008) Two new species of anoles formerly referred to as Anolis limifrons (Squamata: Polychrotidae). Herpetologica, 64, 92-108.", "Lamar, W.W. &amp; Sasa, M. (2003) A new species of hognose pitviper, genus Porthidium, from the southwestern Pacific of Costa Rica (Serpentes: Viperidae). Revista de Biologia Tropical, 51, 797-804.", "Lanza, B. &amp; Boscherini, S. (2000) The gender of the genera Podarcis Wagler 1830 (Lacertidae), Pelamis Daudin 1803 (Hydrophiidae) and Uropeltis Cuvier 1829 (Uropeltidae). Tropical Zoology, 13, 327-329.", "Lawson, R.; Slowinski, J.B.; Crother, B.I. &amp; Burbrink, F.T. (2005) Phylogeny of the Colubroidea (Serpentes): new evidence from mitochondrial and nuclear genes. Molecular Phylogetics and Evolution, 37, 581-601.", "Leviton, A.E.; Gibbs Jr, R.H.; Heal, E. &amp; Dawson, C.E. (1985) Standards in herpetology and ichthyology. Part I. Standard symbolic codes for institutional resource. Copeia, 1985, 802-832.", "Matz, G. (2004) Epicrates maurus Gray, 1849. Description des sous-especes. Situla 10, 2-9.", "McCranie, J.R. (2006) Northeastern Honduras and the systematics of the colubrid snake Scaphiodontophis. Caribbean Journal of Science, 42, 136-138.", "Nascimento, L.B.; Caramaschi, U. &amp; Cruz, C.A.G. (2005) Taxonomic review of the species groups of the genus Physalaemus Fitzinger, 1826 with revalidation of the genera Engystomops Jimenez-de-la-Espada, 1872 and Eupemphix Steindachner, 1863 (Amphibia, Anura, Leptodactylidae). Arquivos do Museo Nacional. Rio de Janeiro, 63, 297-320.", "O'Neill, E.M. &amp; Mendelson III, J.R. (2004) The taxonomy of Costa Rican toads referred to Bufo melanochlorus Cope, with the description of a new species. Journal of Herpetology, 38, 487-494.", "Parra-Olea, G.; Garcia-Paris, M. &amp; Wake, D.B. (2004) Molecular diversification of salamanders of the tropical American genus Bolitoglossa (Caudata: Plethodontidae) and its evolutionary and biogeographical implications. Biological Journal of the Linnean Society, 81, 325-346.", "Poe, S. (2004) Phylogeny of Anoles. Herpetological Monographs, 18, 37-89.", "Reeder, T.W.; Cole, C.J. &amp; Dessauer, H.C. (2002) Phylogenetic relationships of whiptail lizards of the genus Cnemidophorus (Squamata: Teiidae): A test of monophyly, reevaluation of karyotypic evolution, and review of hybrid origins. American Museum Novitates, 3365, 1-61.", "Richardson, K.C.; Webb, G.J.W. &amp; Manolis, S.C. (2002) Crocodiles: Inside out. Surrey Beatt, Chipping Norton, Australia, 180 pp.", "Savage, J.M. (2002) The Amphibians and Reptiles of Costa Rica: A Herpetofauna between Two Continents, between Two Seas. University of Chicago Press, Chicago, U.S.A., 934 pp.", "Solorzano, A. (2001) Una nueva especie de serpiente del genero Sibon (Serpentes: Colubridae) de la vertiente del Caribe de Costa Rica. Revista de Biologia Tropical, 49, 1111-1120.", "Solorzano, A. (2004) Serpientes de Costa Rica / Snakes of Costa Rica. Instituto Nacional de Biodiversidad, Santo Domingo, Heredia, Costa Rica, 792 p.", "Taylor, E.H. 1956. A review of the lizards of Costa Rica. University of Kanzas Science Bulletin, 38, 3-322.", "Vaughan, A. &amp; Mendelson III, J.R. (2007) Taxonomy and ecology of the Central American toads of the genus Crepidophryne (Anura: Bufonidae). Copeia, 2007, 304-314.", "Vetter, H. (2002) Turtles of the World. Vol. I. Africa, Europe, and Western Asia. Edition Chimaira, Frankfurt am Main, Germany, 96 pp.", "Wake, D.B.; Savage, J.M. &amp; Hanken, J. (2007) Montane salamanders from the Costa Rica-Panama border region, with descriptions of two new species of Bolitoglossa. Copeia, 2007, 556-565.", "Wiens, J.J.; Kuczynski, C.A.; Duellman, W.E. &amp; Reeder, T.W. (2007) Loss and re-evolution of complex life cycles in marsupial frogs: does ancestral trait reconstruction mislead? Evolution, 61, 1886-1899.", "Wuster, W.; Yrausquin, J.L. &amp; Mijares-Urrutia, A. (2001) A new species of indigo snake from northwestern Venezuela (Serpentes: Colubridae: Drymarchon). Herpetological Journal, 11, 157-165.", "Zaher, H. (1996) A new genus and species of pseudoboine snake, with a revision of the genus Clelia (Serpentes, Xenodontinae). Bollettino del Museo Regionale di Scienze Naturali 14, 289-337.", "Zaher, H. (1999) Hemipenial morphology of the south American Xenodontine snakes, with a proposal for a monophyletic Xenodontinae and a reappraisal of colubroid hemipenes. Bulletin of the American Museum of Natural History, 240, 1-168.", "Zaher, H. &amp; Prudente, A.L.C. (2003) Hemipenes of Siphlophis (Serpentes, Xenodontinae) and techniques of hemipenial preparation in snakes: a response to Dowling. Herpetological Review, 34, 302-307."]}</description>
  </descriptions>
</resource>