<?xml version="1.0" encoding="UTF-8"?>
<resource xmlns="http://datacite.org/schema/kernel-3" xmlns:xsi="http://www.w3.org/2001/XMLSchema-instance" xmlns:mets="http://www.loc.gov/METS/" xmlns:dspace="http://www.dspace.org/xmlns/dspace/dim" xmlns:dim="http://www.dspace.org/xmlns/dspace/dim" xmlns:dryad="http://purl.org/dryad/terms/" xsi:schemaLocation="http://datacite.org/schema/kernel-3 http://schema.datacite.org/meta/kernel-3/metadata.xsd">  <identifier identifierType="DOI">10.5061/DRYAD.GR573/5</identifier>  <version>1</version>  <creators>    <creator>      <creatorName>Jones, Marc E. H.</creatorName>    </creator>    <creator>      <creatorName>Anderson, Cajsa Lisa</creatorName>    </creator>    <creator>      <creatorName>Hipsley, Christy A.</creatorName>    </creator>    <creator>      <creatorName>Müller, Johannes</creatorName>    </creator>    <creator>      <creatorName>Evans, Susan E.</creatorName>    </creator>    <creator>      <creatorName>Schoch, Rainer R.</creatorName>    </creator>  </creators>  <titles>    <title>Vellberg_BEAST_MaxCladeCred_NEWICK</title>  </titles>  <publisher>Dryad Digital Repository</publisher>  <publicationYear>2013</publicationYear>  <subjects>    <subject>dating</subject>    <subject>fossil</subject>    <subject>lizards</subject>    <subject>molecular</subject>    <subject>origin</subject>    <subject>tuatara</subject>    <subject>Triassic</subject>    <subject>Jurassic</subject>    <subject>Sphenodon punctatus</subject>    <subject>Lepidosauria</subject>    <subject>Squamata</subject>  </subjects>  <dates>    <date dateType="Accepted">2013-12-12</date>  </dates>  <resourceType resourceTypeGeneral="Dataset">DataFile</resourceType>  <relatedIdentifiers>    <relatedIdentifier relatedIdentifierType="DOI" relationType="IsPartOf">10.5061/DRYAD.GR573</relatedIdentifier>  </relatedIdentifiers>  <rightsList>    <rights rightsURI="http://creativecommons.org/publicdomain/zero/1.0/"/>  </rightsList>  <descriptions>    <description descriptionType="Other"/>  </descriptions></resource>