<?xml version='1.0' encoding='utf-8'?>
<resource xmlns:xsi="http://www.w3.org/2001/XMLSchema-instance" xmlns="http://datacite.org/schema/kernel-4" xsi:schemaLocation="http://datacite.org/schema/kernel-4 http://schema.datacite.org/meta/kernel-4.1/metadata.xsd">
  <identifier identifierType="DOI">10.5281/zenodo.280882</identifier>
  <creators>
    <creator>
      <creatorName>Galea, Horia R.</creatorName>
      <givenName>Horia R.</givenName>
      <familyName>Galea</familyName>
    </creator>
    <creator>
      <creatorName>Schories, Dirk</creatorName>
      <givenName>Dirk</givenName>
      <familyName>Schories</familyName>
    </creator>
  </creators>
  <titles>
    <title>Some Hydrozoans (Cnidaria) From Central Chile And The Strait Of Magellan</title>
  </titles>
  <publisher>Zenodo</publisher>
  <publicationYear>2012</publicationYear>
  <subjects>
    <subject>Biodiversity</subject>
    <subject>Taxonomy</subject>
    <subject>Animalia</subject>
    <subject>Cnidaria</subject>
    <subject>Hydrozoa</subject>
    <subject>Anthoathecata</subject>
    <subject>Hydractiniidae</subject>
    <subject>Pandeidae</subject>
    <subject>Eudendriidae</subject>
    <subject>Cladonematidae</subject>
    <subject>Hydrocorynidae</subject>
    <subject>Leptothecata</subject>
    <subject>Haleciidae</subject>
    <subject>Sertulariidae</subject>
    <subject>Halopterididae</subject>
    <subject>Kirchenpaueriidae</subject>
    <subject>Campanulariidae</subject>
  </subjects>
  <dates>
    <date dateType="Issued">2012-12-31</date>
  </dates>
  <resourceType resourceTypeGeneral="Text">Journal article</resourceType>
  <alternateIdentifiers>
    <alternateIdentifier alternateIdentifierType="lsid">urn:lsid:plazi.org:pub:FFBBAD649F5DFFFEFFCD2658FFCB613C</alternateIdentifier>
    <alternateIdentifier alternateIdentifierType="url">https://zenodo.org/record/280882</alternateIdentifier>
  </alternateIdentifiers>
  <relatedIdentifiers>
    <relatedIdentifier relatedIdentifierType="URL" relationType="HasPart">http://treatment.plazi.org/id/0382D51C9F5BFFF9FF5A246BFE486298</relatedIdentifier>
    <relatedIdentifier relatedIdentifierType="URL" relationType="HasPart">http://treatment.plazi.org/id/0382D51C9F5AFFF9FF5A2265FDB164C2</relatedIdentifier>
    <relatedIdentifier relatedIdentifierType="URL" relationType="HasPart">http://treatment.plazi.org/id/0382D51C9F5AFFF6FF5A20CFFB7767B7</relatedIdentifier>
    <relatedIdentifier relatedIdentifierType="URL" relationType="HasPart">http://treatment.plazi.org/id/0382D51C9F55FFF7FF5A2083FBE6632B</relatedIdentifier>
    <relatedIdentifier relatedIdentifierType="URL" relationType="HasPart">http://treatment.plazi.org/id/0382D51C9F54FFF7FF5A2434FB9665FE</relatedIdentifier>
    <relatedIdentifier relatedIdentifierType="URL" relationType="HasPart">http://treatment.plazi.org/id/0382D51C9F54FFF7FF5A234EFC8666AD</relatedIdentifier>
    <relatedIdentifier relatedIdentifierType="URL" relationType="HasPart">http://treatment.plazi.org/id/0382D51C9F57FFF4FF5A26CFFC8663F6</relatedIdentifier>
    <relatedIdentifier relatedIdentifierType="URL" relationType="HasPart">http://treatment.plazi.org/id/0382D51C9F57FFF4FF5A2546FC216449</relatedIdentifier>
    <relatedIdentifier relatedIdentifierType="URL" relationType="HasPart">http://treatment.plazi.org/id/0382D51C9F57FFF5FF5A2056FF146260</relatedIdentifier>
    <relatedIdentifier relatedIdentifierType="URL" relationType="HasPart">http://treatment.plazi.org/id/0382D51C9F56FFF5FF5A25ADFB9B671E</relatedIdentifier>
    <relatedIdentifier relatedIdentifierType="URL" relationType="HasPart">http://treatment.plazi.org/id/0382D51C9F56FFF0FF5A20E4FCB560BB</relatedIdentifier>
    <relatedIdentifier relatedIdentifierType="URL" relationType="HasPart">http://treatment.plazi.org/id/0382D51C9F53FFF1FF5A2784FF1867E7</relatedIdentifier>
    <relatedIdentifier relatedIdentifierType="URL" relationType="HasPart">http://treatment.plazi.org/id/0382D51C9F4CFFEFFF5A26CFFCF66726</relatedIdentifier>
    <relatedIdentifier relatedIdentifierType="URL" relationType="HasPart">http://treatment.plazi.org/id/0382D51C9F4CFFEFFF5A20F9FA4D66D5</relatedIdentifier>
    <relatedIdentifier relatedIdentifierType="URL" relationType="HasPart">http://treatment.plazi.org/id/0382D51C9F4FFFECFF5A26CFFEA065C1</relatedIdentifier>
    <relatedIdentifier relatedIdentifierType="URL" relationType="HasPart">http://treatment.plazi.org/id/0382D51C9F4EFFEBFF5A26CFFC816020</relatedIdentifier>
    <relatedIdentifier relatedIdentifierType="URL" relationType="HasPart">http://treatment.plazi.org/id/0382D51C9F48FFE8FF5A2737FBC263CE</relatedIdentifier>
    <relatedIdentifier relatedIdentifierType="URL" relationType="HasPart">http://treatment.plazi.org/id/0382D51C9F4BFFE9FF5A251EFD3B60B6</relatedIdentifier>
    <relatedIdentifier relatedIdentifierType="URL" relationType="HasPart">http://treatment.plazi.org/id/0382D51C9F4AFFE7FF5A2786FAC36662</relatedIdentifier>
    <relatedIdentifier relatedIdentifierType="URL" relationType="HasPart">http://treatment.plazi.org/id/0382D51C9F47FFE4FF5A26CFFCF763E1</relatedIdentifier>
    <relatedIdentifier relatedIdentifierType="URL" relationType="HasPart">http://treatment.plazi.org/id/0382D51C9F47FFE5FF5A2579FC0C6228</relatedIdentifier>
    <relatedIdentifier relatedIdentifierType="URL" relationType="HasPart">http://treatment.plazi.org/id/0382D51C9F46FFE3FF5A253CFAAE6533</relatedIdentifier>
    <relatedIdentifier relatedIdentifierType="URL" relationType="HasPart">http://treatment.plazi.org/id/0382D51C9F40FFE1FF5A223CFD7662D3</relatedIdentifier>
    <relatedIdentifier relatedIdentifierType="URL" relationType="HasPart">http://treatment.plazi.org/id/0382D51C9F42FFDEFF5A221AFEC4632B</relatedIdentifier>
    <relatedIdentifier relatedIdentifierType="URL" relationType="HasPart">http://treatment.plazi.org/id/0382D51C9F7DFFDFFF5A23E1FE5C66EC</relatedIdentifier>
    <relatedIdentifier relatedIdentifierType="URL" relationType="HasPart">http://treatment.plazi.org/id/0382D51C9F7FFFDDFF5A26CFFE4A63B8</relatedIdentifier>
    <relatedIdentifier relatedIdentifierType="URL" relationType="HasPart">http://treatment.plazi.org/id/0382D51C9F7EFFDDFF5A248FFD546615</relatedIdentifier>
    <relatedIdentifier relatedIdentifierType="URL" relationType="HasPart">http://treatment.plazi.org/id/0382D51C9F79FFDBFF5A23B6FD6A61E8</relatedIdentifier>
    <relatedIdentifier relatedIdentifierType="URL" relationType="HasPart">http://treatment.plazi.org/id/0382D51C9F78FFDBFF5A277FFD6A6266</relatedIdentifier>
    <relatedIdentifier relatedIdentifierType="URL" relationType="HasPart">http://treatment.plazi.org/id/0382D51C9F78FFD6FF5A25ADFC1D63CE</relatedIdentifier>
    <relatedIdentifier relatedIdentifierType="URL" relationType="HasPart">http://treatment.plazi.org/id/0382D51C9F75FFD6FF5A25D4FEA26738</relatedIdentifier>
    <relatedIdentifier relatedIdentifierType="URL" relationType="HasPart">http://treatment.plazi.org/id/0382D51C9F75FFD4FF5A20D2FC31669B</relatedIdentifier>
    <relatedIdentifier relatedIdentifierType="URL" relationType="HasPart">http://treatment.plazi.org/id/0382D51C9F76FFD5FF5A26CFFCDD6418</relatedIdentifier>
    <relatedIdentifier relatedIdentifierType="URL" relationType="HasPart">http://treatment.plazi.org/id/0382D51C9F76FFD2FF5A232FFB986533</relatedIdentifier>
    <relatedIdentifier relatedIdentifierType="URL" relationType="HasPart">http://treatment.plazi.org/id/0382D51C9F71FFD2FF5A220EFC4464FE</relatedIdentifier>
    <relatedIdentifier relatedIdentifierType="DOI" relationType="HasPart">10.5281/zenodo.280883</relatedIdentifier>
    <relatedIdentifier relatedIdentifierType="LSID" relationType="HasPart">urn:lsid:plazi.org:fig:2-151-1436-195-1985</relatedIdentifier>
    <relatedIdentifier relatedIdentifierType="URL" relationType="HasPart">http://zenodo.org/record/280883</relatedIdentifier>
    <relatedIdentifier relatedIdentifierType="DOI" relationType="HasPart">10.5281/zenodo.280884</relatedIdentifier>
    <relatedIdentifier relatedIdentifierType="LSID" relationType="HasPart">urn:lsid:plazi.org:fig:6-153-1432-792-1828</relatedIdentifier>
    <relatedIdentifier relatedIdentifierType="URL" relationType="HasPart">http://zenodo.org/record/280884</relatedIdentifier>
    <relatedIdentifier relatedIdentifierType="DOI" relationType="HasPart">10.5281/zenodo.280885</relatedIdentifier>
    <relatedIdentifier relatedIdentifierType="LSID" relationType="HasPart">urn:lsid:plazi.org:fig:16-153-1435-183-1768</relatedIdentifier>
    <relatedIdentifier relatedIdentifierType="URL" relationType="HasPart">http://zenodo.org/record/280885</relatedIdentifier>
    <relatedIdentifier relatedIdentifierType="DOI" relationType="HasPart">10.5281/zenodo.280886</relatedIdentifier>
    <relatedIdentifier relatedIdentifierType="LSID" relationType="HasPart">urn:lsid:plazi.org:fig:20-151-1431-195-1780</relatedIdentifier>
    <relatedIdentifier relatedIdentifierType="URL" relationType="HasPart">http://zenodo.org/record/280886</relatedIdentifier>
    <relatedIdentifier relatedIdentifierType="DOI" relationType="HasPart">10.5281/zenodo.280887</relatedIdentifier>
    <relatedIdentifier relatedIdentifierType="LSID" relationType="HasPart">urn:lsid:plazi.org:fig:24-152-1436-196-1780</relatedIdentifier>
    <relatedIdentifier relatedIdentifierType="URL" relationType="HasPart">http://zenodo.org/record/280887</relatedIdentifier>
    <relatedIdentifier relatedIdentifierType="DOI" relationType="HasPart">10.5281/zenodo.280888</relatedIdentifier>
    <relatedIdentifier relatedIdentifierType="LSID" relationType="HasPart">urn:lsid:plazi.org:fig:30-153-1436-193-1780</relatedIdentifier>
    <relatedIdentifier relatedIdentifierType="URL" relationType="HasPart">http://zenodo.org/record/280888</relatedIdentifier>
    <relatedIdentifier relatedIdentifierType="DOI" relationType="HasPart">10.5281/zenodo.280889</relatedIdentifier>
    <relatedIdentifier relatedIdentifierType="LSID" relationType="HasPart">urn:lsid:plazi.org:fig:36-152-1434-196-1281</relatedIdentifier>
    <relatedIdentifier relatedIdentifierType="URL" relationType="HasPart">http://zenodo.org/record/280889</relatedIdentifier>
    <relatedIdentifier relatedIdentifierType="DOI" relationType="HasPart">10.5281/zenodo.280890</relatedIdentifier>
    <relatedIdentifier relatedIdentifierType="LSID" relationType="HasPart">urn:lsid:plazi.org:fig:38-159-1433-308-1254</relatedIdentifier>
    <relatedIdentifier relatedIdentifierType="URL" relationType="HasPart">http://zenodo.org/record/280890</relatedIdentifier>
    <relatedIdentifier relatedIdentifierType="DOI" relationType="HasPart">10.5281/zenodo.280891</relatedIdentifier>
    <relatedIdentifier relatedIdentifierType="LSID" relationType="HasPart">urn:lsid:plazi.org:fig:41-152-1434-445-1521</relatedIdentifier>
    <relatedIdentifier relatedIdentifierType="URL" relationType="HasPart">http://zenodo.org/record/280891</relatedIdentifier>
  </relatedIdentifiers>
  <rightsList>
    <rights rightsURI="info:eu-repo/semantics/closedAccess">Closed Access</rights>
  </rightsList>
  <descriptions>
    <description descriptionType="Abstract">Galea, Horia R., Schories, Dirk (2012): Some hydrozoans (Cnidaria) from Central Chile and the Strait of Magellan. Zootaxa 3296: 19-67, DOI: 10.5281/zenodo.280882</description>
    <description descriptionType="Other">{"references": ["Allman, G.J. (1876) Descriptions of some new species of Hydroida from Kerguelen's Island. Annals and Magazine of Natural History, (4)17(98), 113-115.", "Allman, G.J. (1879) Hydroida. In: An account of the petrological, botanical, and zoological collections made in Kerguelen's Land and Rodriguez during the transit of Venus Expeditions, carried out by order of Her Majesty's government in the years 1871- 1875. Philosophical Transactions of the Royal Society, London, 168 (extra volume), 282-285.", "Allman, G.J. (1885) Description of Australian, Cape, and other Hydroida, mostly new, from the collection of Miss H. Gatty. Journal of the Linnean Society of London, Zoology, 19, 132-161.", "Allman, G.J. (1888) Report on the Hydroida dredged by H.M.S. Challenger during the years 1873-76. Part II. - The Tubularinae, Corymorphinae, Campanularinae, Sertularinae and Thalamophora. Report on the Scientific Results of the Voyage of H.M.S. Challenger during the years 1873-76, Zoology, 23(70), 1-90.", "Bale, W.M. (1926) Further notes on Australian hydroids. V. Proceedings of the Royal Society of Victoria, 38, 13-23.", "Billard, A. (1909) Revision des especes types d'hydroides de la collection Lamouroux conservee a l'Institut Botanique de Caen. Annales des Sciences Naturelles, Zoologie, (9)9, 307-336.", "Billard, A. (1922) Note critique sur quatre especes de Sertularella. Revue Suisse de Zoologie, 30(4), 103-114.", "Blanco, O.M. (1967a) Contribucion al conocimiento de los hidrozoarios Argentinos. Revista del Museo de La Plata (Zoologia), 9(71), 243-297.", "Blanco, O.M. (1967b) Un nuevo aporte al conocimiento de la fauna hidroide Argentina. Revista del Museo de La Plata (Zoologia), 10(77), 97-127.", "Blanco, O.M. (1968) Nueva contribucion al conocimiento de la fauna marina hidroide. Revista del Museo de La Plata (Zoologia), 10(87), 195-224.", "Blanco, O.M. (1969) Simplectoscyphus subdichotomus (Krp.), con especial referencia a la morfologia gonangial. Neotropica, 15(47), 49-53.", "Blanco, O.M. (1973) Nuevos plumularidos para aguas argentinas. Neotropica, 15(59), 73-78.", "Blanco, O.M. (1976) Hidrozoos de la expedicion Walther Herwig. Revista del Museo de La Plata (Zoologia), 12(113), 27-74.", "Blanco, O.M. (1980) Acerca de dos especies del genero Symplectoscyphus Stechow, 1924. Neotropica, 26(76), 197-203.", "Blanco, O.M. (1982) Adicion a los hidrozoos argentinos. I. Neotropica, 28(80), 153-164.", "Blanco, O.M. (1984) Contribucion al conocimiento de hidrozoos antarticos y subantarticos. Contribucion del Instituto Antartico Argentino, 294, 1-53.", "Blanco, O. (1994a) Claves de familias y generos para facilitar el reconocimiento de los Hydroida (Leptolina) Athecata, Thecata y Limnomedusae Argentinos (generacion polipoide exclusivamente). Revista del Museo de La Plata (Zoologia), 14 (160), 147-179.", "Blanco, O. (1994b) Enumeracion sistematica y distribucion geografica preliminar de los Hydroida de la Republica Argentina. Suborden Athecata (Gymnoblastea, Anthomedusae), Thecata (Calyptoblastea, Leptomedusae) y Limnomedusae. Revista del Museo La Plata (Zoologia), 14(161), 181-216, 1994.", "Blanco, O. (1994c) Los plumularidos de la Argentina. Revista del Museo de La Plata (Zoologia), 14(162), 217-265.", "Bouillon, J. &amp; Barnett, T.J. (1999) The marine fauna of New Zealand. Hydromedusae (Cnidaria: Hydrozoa). National Institute of Water and Atmospheric Research, 113, 1-136.", "Branch, M.L. &amp; Williams, G.C. (1993) The Hydrozoa, Octocorallia and Scleractinia of subantarctic Marion and Prince Edward Islands: illustrated keys to the species and results of the 1982-1989 University of Cape Town surveys. South African Journal of Antarctic Research, 23(1-2), 3-24.", "Briggs, E.A. (1920) On a new species of crawling medusa (Cnidonema haswelli) from Australia. Records of the Australian Museum, 13(3), 93-104.", "Broch, H. (1948) Antarctic hydroids. Scientific Results of the Norwegian Antarctic Expedition 1927-1928, 28, 1-23.", "Browne, E.T. (1902) A preliminary report on hydromedusae from the Falkland Islands. Annals and Magazine of Natural History, (7)9(52), 272-284.", "Browne, E.T. &amp; Kramp, P.L. (1939) Hydromedusae from the Falkland Islands. Discovery Reports, 18, 265-322.", "Calder, D.R. (2012) On a collection of hydroids (Cnidaria, Hydrozoa, Hydroidolina) from the west coast of Sweden, with a checklist of species from the region. Zootaxa, 3171, 1-77.", "Camus, P A. (2001) Biogeografia marina de Chile continental. Revista Chilena de Historia Natural, 74(3), 587-617.", "Cornelius, P.F.S. (1979) A revision of the species of Sertulariidae (Coelenterata: Hydroida) recorded from Britain and nearby seas. Bulletin of the British Museum (Natural History), Zoology, 34(6), 243-321.", "Cornelius, P.F.S. (1995) North-west European thecate hydroids and their medusae. Part 2. Sertulariidae to Campanulariidae. Synopses of the British fauna, 50, 1-386.", "El Beshbeeshy, M. (1991) Systematische, morphologische und zoogeographische Untersuchungen an den thekaten Hydroiden des Patagonischen Schelfs. Dissertation, Universitat Hamburg, 390 pp.", "El Beshbeeshy, M. (2011) Thecate hydroids from the Patagonian shelf (Coelenterata, Hydrozoa, Thecata). G. Jarms (Ed.). Verhandlungen des Naturwissenschaftlichen Vereins in Hamburg, 46, 19-233.", "Fagetti, E.G. (1973) Medusas de aguas chilenas. Revista de Biologia Marina Valparaiso, 15(1), 31-75.", "Fraser, C.M. (1914) Some hydroids of the Vancouver Island region. Transactions of the Royal Society of Canada, (3)8, 99-216.", "Fraser, C.M. (1938) Hydroids of the 1934 Allan Hancock Pacific Expedition. Allan Hancock Pacific Expeditions, 4(1), 1-105.", "Galea, H.R. (2006a) On two new species of Halopteris Allman, 1877 (Cnidaria: Hydrozoa) from Chile. Zootaxa, 1165, 57-68.", "Galea, H.R. (2006b) Rediscovery and redescription of Hybocodon chilensis Hartlaub, 1905 (Cnidaria: Hydrozoa) from Comau Fiord, southern Chile. Zootaxa, 1258, 57-68.", "Galea, H.R. (2007) Hydroids and hydromedusae (Cnidaria: Hydrozoa) from the fjords region of southern Chile. Zootaxa, 1597, 1-116.", "Galea, H.R. (2008) On a collection of shallow-water hydroids (Cnidaria: Hydrozoa) from Guadeloupe and Les Saintes, French Lesser Antilles. Zootaxa, 1878, 1-54.", "Galea, H.R. (2010) Notes on a small collection of thecate hydroids (Cnidaria: Hydrozoa) from Tristan da Cunha, south Atlantic. Zootaxa, 2336, 1-18.", "Galea, H.R. &amp; Leclere L. (2007) On some morphologically aberrant, auto-epibiotic forms of Plumularia setacea (Linnaeus, 1758) (Cnidaria : Hydrozoa) from Southern Chile. Zootaxa, 1484: 39-49.", "Galea, H.R., Forsterra, G. &amp; Haussermann, V. (2007) Additions to the hydroids (Cnidaria: Hydrozoa) from the fjords region of southern Chile. Zootaxa, 1650, 55-68.", "Galea, H.R., Haussermann, V. &amp; Forsterra, G. (2009) New additions to the hydroids (Cnidaria : Hydrozoa) from the fjords region of southern Chile. Zootaxa, 2019, 1-28.", "Garcia Corrales, P., Aguirre Inchaurbe, A. &amp; Gonzales Mora, D. (1980) Contribucion al conocimiento de los hidrozoos de las costas espanolas. Parte III : Sertulariidae. Boletin del Instituto Espanol de Oceanografia, 6(296), 5-67.", "Gilchrist, J.D.F. (1919) On a species of crawling medusa, Eleutheria, from the Cape of Good Hope (Cnidonema capensis, g. et sp. n.) and the Southern Eleutheriae. The Quarterly Journal of the Microscopical Science, 63(4), 509-529.", "Hartlaub, C. (1901) Revision der Sertularella -Arten. Abhandlungen aus dem Gebiete der Naturwissenschaften, Hamburg, 16(2)(1), 1-143.", "Hartlaub, C. (1904) Hydroiden. In: Expedition antarctique Belge. Resultats du voyage du S.Y. Belgica en 1897-1899. Rapports scientifiques, Zoologie, 1-19.", "Hartlaub, C. (1905) Die Hydroiden der Magalhaensischen Region und chilenischen Kuste. In: Fauna chilensis. Zoologische Jahrbucher, Suppl. 6(3), 497-714.", "Hincks, T. (1866) On new British Hydroida. Annals and Magazine of Natural History, (3)18, 296-299.", "Hirano, Y.M., Hirano, Y.J., Namikawa, H. &amp; Yamada, M. (2006) Rediscovery of Staurocladia acuminata (Edmondson, 1930) (Hydrozoa, Cnidaria) from Japan, with a review of Japanese crawling medusae. Memoirs of the National Science Museum, Tokyo, 40, 63-73.", "Hirohito, Emperor of Japan. (1988) The hydroids of Sagami Bay. I. Athecata. Publications of the Biological Laboratory, Imperial Household, Tokyo, 1-179 (English text).", "Jaderholm, E. (1903) Aussereuropaische Hydroiden im schwedischen Reichsmuseum. Arkiv for Zoologi, 1, 259-397.", "Jaderholm, E. (1904a) Hydroiden aus den Kusten von Chile. Arkiv for Zoologi, 2(3), 1-9.", "Jaderholm, E. (1904b) Mitteilungen ueber einige von der Schwedischen Antarctic-Expedition 1901-1903 eingesammelte Hydroiden. Archives de Zoologie Experimentale et Generale, 4(3): 1-14.", "Jaderholm, E. (1905) Hydroiden aus antarktischen und subantarktischen Meeren gesammelt von der schwedischen Sudpolar- Expedition. Wissenschaftliche Ergebnisse der Schwedischen Sudpolar-Expedition 1901-1903, 5(8), 1-41.", "Jaderholm, E. (1910) Uber die Hydroiden, welche Dr. C. Skottsberg in den Jahren 1907-1909 gesammelt. Arkiv for Zoologi, 6(14), 1-5.", "Jaderholm, E. (1917) Hydroids from the South Seas. Redogorelse for Norrkopings Hogre Allmanna Laroverk Lasaret, 1916- 1917, 1-25.", "Jaderholm, E. (1920) On some exotic hydroids in the Swedish Zoological State Museum. Arkiv for Zoologi, 13(3), 1-11.", "Jaderholm, E. (1926) Ueber einige antarktische und subantarktische Hydroiden. Arkiv for Zoologi, 18(14), 1-7.", "Kirchenpauer, G.H. (1876) Ueber die Hydroidenfamilie Plumularidae, einzelne Gruppen derselben und ihre Fruchtbehalter. II. Plumularia und Nemertesia. Abhandlungen aus dem Gebiete der Naturwissenschaften, Hamburg, 6(2), 1-59.", "Kirchenpauer, G.H. (1884) Nordische Gattungen und Arten von Sertulariden. Abhandlungen aus dem Gebiete der Naturwissenschaften, Hamburg, 8(3), 1-54.", "Kramp, P.L. (1952) Medusae collected by the Lund University of Chile Expedition 1948-49. Reports of the Lund University Chile Expedition 1948-49. Acta Universitatis Lundensis, N.F., Avd. 2, 47(7), 1-19.", "Kramp, P.L. (1959) The hydromedusae of the Atlantic Ocean and adjacent waters. Dana Report, 46, 1-283.", "Kramp, P.L. (1961) Synopsis of the medusae of the world. Journal of the Marine Biological Association of the United Kingdom, 40, 1-469.", "Kramp, P.L. (1966) A collection of medusae from the coast of Chile. Videnskabelige Meddelelser fra Dansk Naturhistorisk Forening i Kjobenhavn, 129, 1-38.", "Leloup, E. (1974) Hydropolypes calyptoblastiques du Chili. Report no. 48 of the Lund University Chile Expedition 1948-1949. Sarsia, 55, 1-61.", "Linnaeus, C. (1767) Systema naturae per regna tria naturae, secundum classes, ordines, genera, species cum characteribus, differentiis, synonymis, locis. Editio duodecima, reformata, 1(2), 533-1328.", "Mane-Garzon, F. &amp; Milstein, A. (1973) Una nueva especie del genero Sertularella, Gray, 1847. Revista de Biologia, Uruguay, 1(1), 19-23.", "Mangin, K.L. (1991) Samuraia tabularasa gen. nov. (Cnidaria, Hydrozoa, Hydrocorynidae), an intertidal hydroid from the Gulf of California, Mexico. Hydrobiologia, 216/217, 443-451.", "Marktanner-Turneretscher, G. (1890) Die Hydroiden des k. k. naturhistorischen Hofmuseums. Annalen des k. k. Naturhistorischen Hofmuseums, 5, 195-286.", "Marques, A.C., Morandini, A.C. &amp; Migotto, A.E. (2003) Synopsis of knowledge on Cnidaria Medusozoa from Brazil. Biota Neotropica, 3(2), 1-18.", "Mayer, A.G. (1910) Medusae of the world. Vol. I. The hydromedusae. Publications of the Carnegie Institution of Washington, 109, 1-230.", "McCrady, J. (1859) Gymnopthalmata of Charleston Harbor. Proceedings of the Elliott Society of Natural History, 1, 103-221.", "Millard, N.A.H. (1957) The Hydrozoa of False Bay, South Africa. Annals of the South African Museum, 43(4)(6): 173-243.", "Millard, N.A.H. (1971) Hydrozoa. In: van Zinderen Bakker, E.M., Winterbottom J.M. &amp; R.A. Dyer, R.A. (Eds.), Marion and Prince Edwards Islands. A.A. Balkema, Cape Town, pp. 396-408.", "Millard, N.A.H. (1975) Monograph on the Hydroida of southern Africa. Annals of the South African Museum, 68, 1-513.", "Millard, N.A.H. (1977) Hydroids from the Kerguelen and Crozet shelves, collected by the cruise MD. 0 3 of the Marion- Dufresne. Annals of the South African Museum, 73(1), 1-47.", "Milstein, A. (1976) Hydroidea de las costas Uruguayas. Dusenia, 9(3), 77-93.", "Naumov, D.V. &amp; Stepanjants, S.D. (1962) Gidroidy podotryada Thecaphora, sobrannye v antarkticheskikh i subantarkticheskikh vodakh sovetskoi antarkticheskoi ekspeditsiei na dizel'-elektrokhode \"Ob\". In: Resul'taty biologicheskikh issledovanii sovetskoi antarkticheskoi ekspeditsii (1955-1958 gg), 1. Issledovaniya Fauny Morei, 1(9), 69-104.", "Nutting, C.C. (1904) American hydroids. Part II. The Sertularidae. Special Bulletin of the United States National Museum, 4(2), 1-325.", "Nutting, C.C. (1915) American hydroids. Part III. The Campanularidae and Bonneviellidae. Special Bulletin of the United States National Museum, 4(3), 1-126.", "Palma, S., Apablaza, P. &amp; Silva, N. (2007) Hydromedusae (Cnidaria) of the Chilean southern channels (from the Corcovado Gulf to the Pulluche-Chacabuco Channels). Scientia Marina, 71(1), 65-74.", "Pena Cantero, A.L. (2006) Benthic hydroids from the south of Livingston Island (south Shetland Islands, Antarctica) collected by the Spanish Antarctic Expedition Bentart 94. Deep Sea Research II, 53, 932-948.", "Pena Cantero, A. L. (2008) Benthic hydroids (Cnidaria: Hydrozoa) from the Spanish Antarctic expedition Bentart 95. Polar Biology, 31(4), 451-464.", "Pena Cantero, A.L. (2010) Benthic hydroids (Cnidaria: Hydrozoa) from Peter I Island (Southern Ocean, Antarctica). Polar Biology, 33(6), 761-773.", "Pena Cantero, A.L. &amp; Garcia Carrascosa, A.M. (2002) The benthic hydroid fauna of the Chafarinas islands (Alboran Sea, western Mediterranean). Zoologische Verhandelingen, Leiden, 337, 1-180.", "Pena Cantero, A.L. &amp; Vervoort, W. (2009) Benthic hydroids (Cnidaria: Hydrozoa) from the Bransfield area (Antarctica) collected by Brazilian expeditions, with the description of a new species. Polar Biology, 32(1), 83-92.", "Pena Cantero, A.L., Svoboda, A. &amp; Vervoort, W. (2002) Species of Symplectoscyphus Marktanner-Turneretscher, 1890 (Cnidaria: Hydrozoa, Sertulariidae) from recent Antarctic expeditions with R.V. Polarstern, with the description of four new species. The Journal of Natural History, 36, 1509-1568.", "Pfeffer, G. (1889) Zur Fauna von Sud-Georgien. Jahrbuch der Hamburgischen Wissenschaftlichen Anstalten, 6(2), 37-55.", "Philippi, R.A. (1866) Kurze Beschreibung einiger chilenischer Zoophyten. Archiv fur Naturgeschichte, 32(1), 118-120.", "Picard, J. (1956) Les especes et formes mediterraneennes du genre Sertularella. Vie et Milieu, 8(2), 258-266.", "Pino M., Perillo, G.M. &amp; Santamarina, P. (1994) Residual fluxes in a cross section in the Valdivia River estuary, Chile. Estuarine Coastal Shelf Science, 38, 491-505.", "Ralph, P.M. (1947) The hydroid and medusa of Cnidonema vallentini (Anthomedusae) from Wellington, New Zealand. Transactions of the Royal Society of New Zealand, 76(3), 414-420.", "Ralph, P.M. (1953) A guide to the athecate (gymnoblastic) hydroids and medusae of New Zealand. Tuatara, 5(2), 59-75.", "Ralph, P.M. (1961) New Zealand thecate hydroids. Part III. Family Sertulariidae. Transactions of the Royal Society of New Zealand, 88(4), 749-838.", "Ramil, F., Parapar, J. &amp; Vervoort, W. (1992) The genus Sertularella Gray, 1848 (Cnidaria: Hydroida) along the coasts of Galicia (Spain). Zoologische Mededelingen, Leiden, 66(37), 493-524.", "Ridley, S.O. (1881) Coelenterata. In: A. Gunther (Ed), Account of the zoological collections made during the survey of H.M.S. Alert in the Straits of Magellan and on the coast of Patagonia. Proceedings of the Zoological Society of London, 1881, 101-107.", "Ritchie, J. (1907) The hydroids of the Scottish National Antarctic Expedition. Transactions of the Royal Society of Edinburgh, 45(2)(18), 519-545.", "Sanamyan, K., Schories, D. &amp; Sanamyan, N. (2010) New records of aplousobranch ascidians from Central Chile. Zootaxa, 2537, 58-68.", "Schories, D. &amp; Niedzwiedz, G. (2011) Precision, accuracy and application of diver towed underwater GPS receivers. Environmental Monitoring and Assessment, 184(4), 2359-2372.", "Schuchert, P. (1996) The marine fauna of New Zealand: athecate hydroids and their medusae (Cnidaria: Hydrozoa). New Zealand Oceanographic Institute Memoir, 106, 1-159.", "Schuchert, P. (1997) Review of the family Halopterididae. Zoologische Verhandelingen, Leiden, 309, 1-162.", "Schuchert, P. (2001) Hydroids of Greenland and Iceland. Meddelelser om Gronland, Bioscience, 53, 1-184.", "Schuchert, P. (2005) Taxonomic revision and systematic notes on some Halecium species (Cnidaria, Hydrozoa). Journal of Natural History, 39(8), 607-639.", "Schuchert, P. (2007) The European athecate hydroids and their medusae (Hydrozoa, Cnidaria): Filifera Part 2. Revue Suisse de Zoologie, 114(2), 195-396.", "Schuchert, P. (2010) The European athecate hydroids and their medusae (Hydrozoa, Cnidaria) : Capitata Part 2. Revue Suisse de Zoologie, 117(3), 337-555.", "Stechow, E. (1914) Zur Kenntnis neuer oder seltener Hydroidpolypen, meist Campanulariden, aus Amerika und Norwegen. Zoologischer Anzeiger, 45(1), 120-136.", "Stechow, E. (1919) Zur Kenntnis des Hydroidenfauna des Mittelmeeres, Amerikas und anderer Gebiete. Zoologische Jahrbucher, 42(1), 1-172.", "Stechow, E. (1925) Hydroiden der Deutschen Tiefsee-Expedition. Wissenschaftliche Ergebnisse der Deutschen Tiefsee- Expedition auf dem Dampfer \"Valdivia\" 1898-1899, 27, 383-546.", "Stepanjants, S.D. (1979) Gidroidy vod antarktiki i subantarktiki. In: Rezul'taty biologicheskikh issledovanii sovetskikh antarkticheskikh ekspeditsii, 6. Issledovaniya Fauny Morei, 22(30), 1-99.", "Torrey, H.B. (1902) The Hydroida of the Pacific coast of North America. University of California Publications in Zoology, 1(1), 1-104.", "Totton, A.K. (1930) Coelenterata. Part V. Hydroida. Natural History Report of the British Antarctic (\" Terra Nova \") Expedition, 1910. Zoology, 5(5), 131-252.", "Vervoort, W. (1972) Hydroids from the Theta, Vema and Yelcho cruises of the Lamont-Doherty geological observatory. Zoologische Verhandelingen, Leiden, 120, 1-247.", "Vervoort, W. &amp; Watson, J.E. (2003) The marine fauna of New Zealand: Leptothecata (Cnidaria: Hydrozoa) (thecate hydroids). NIWA Biodiversity Memoir, 119, 1-538.", "Weill, R. (1937) Eleutheria (Cladonema) vallentini Browne aux Iles Bermudes. Comptes rendus du Congres des Societes Savantes de Paris et des Departements, 70, 281-285."]}</description>
  </descriptions>
</resource>
