<?xml version="1.0" encoding="utf-8"?>
<resource xmlns:xsi="http://www.w3.org/2001/XMLSchema-instance" xmlns="http://datacite.org/schema/kernel-4" xsi:schemaLocation="http://datacite.org/schema/kernel-4 http://schema.datacite.org/meta/kernel-4.1/metadata.xsd">
  <identifier identifierType="DOI">10.5281/ZENODO.2583274</identifier>
  <creators>
    <creator>
      <creatorName>Victoria G. Twort</creatorName>
      <nameIdentifier nameIdentifierScheme="ORCID" schemeURI="http://orcid.org/">0000-0002-5581-4154</nameIdentifier>
      <affiliation>University of Auckland</affiliation>
    </creator>
    <creator>
      <creatorName>Thomas Buckley</creatorName>
      <nameIdentifier nameIdentifierScheme="ORCID" schemeURI="http://orcid.org/">0000-0002-3076-4234</nameIdentifier>
      <affiliation>Manaaki Whenua - Landcare Research</affiliation>
    </creator>
    <creator>
      <creatorName>Neil Gemmell</creatorName>
      <nameIdentifier nameIdentifierScheme="ORCID" schemeURI="http://orcid.org/">0000-0003-0671-3637</nameIdentifier>
      <affiliation>University of Otago</affiliation>
    </creator>
  </creators>
  <titles>
    <title>Patterns of selection on tuatara orthologs</title>
  </titles>
  <publisher>Zenodo</publisher>
  <publicationYear>2019</publicationYear>
  <dates>
    <date dateType="Issued">2019-03-04</date>
  </dates>
  <resourceType resourceTypeGeneral="Dataset"/>
  <alternateIdentifiers>
    <alternateIdentifier alternateIdentifierType="url">https://zenodo.org/record/2583274</alternateIdentifier>
  </alternateIdentifiers>
  <relatedIdentifiers>
    <relatedIdentifier relatedIdentifierType="DOI" relationType="IsVersionOf">10.5281/zenodo.2583273</relatedIdentifier>
  </relatedIdentifiers>
  <rightsList>
    <rights rightsURI="http://creativecommons.org/licenses/by/4.0/legalcode">Creative Commons Attribution 4.0 International</rights>
    <rights rightsURI="info:eu-repo/semantics/openAccess">Open Access</rights>
  </rightsList>
  <descriptions>
    <description descriptionType="Abstract">&lt;p&gt;PAML analyses of tuatara genome.&lt;/p&gt;

&lt;p&gt;File 1 = PAML results&lt;/p&gt;

&lt;p&gt;File 2. KEGG and GO analyses on PAML output&lt;/p&gt;</description>
    <description descriptionType="Other">These data are part of the tuatara genome project, which is supported by Ngatiwai iwi, Allan Wilson Centre, University of Otago, New Zealand Genomics Limited, Illumina, National eScience Infrastructure (NeSI NZ).</description>
  </descriptions>
</resource>