<?xml version='1.0' encoding='utf-8'?>
<resource xmlns:xsi="http://www.w3.org/2001/XMLSchema-instance" xmlns="http://datacite.org/schema/kernel-4" xsi:schemaLocation="http://datacite.org/schema/kernel-4 http://schema.datacite.org/meta/kernel-4.1/metadata.xsd">
  <identifier identifierType="DOI">10.5281/zenodo.203775</identifier>
  <creators>
    <creator>
      <creatorName>Heath, Allen C. G.</creatorName>
      <givenName>Allen C. G.</givenName>
      <familyName>Heath</familyName>
    </creator>
    <creator>
      <creatorName>Palma, Ricardo L.</creatorName>
      <givenName>Ricardo L.</givenName>
      <familyName>Palma</familyName>
    </creator>
    <creator>
      <creatorName>Cane, Rachel P.</creatorName>
      <givenName>Rachel P.</givenName>
      <familyName>Cane</familyName>
    </creator>
    <creator>
      <creatorName>Hardwick, Scott</creatorName>
      <givenName>Scott</givenName>
      <familyName>Hardwick</familyName>
    </creator>
  </creators>
  <titles>
    <title>Checklist Of New Zealand Ticks (Acari: Ixodidae, Argasidae)</title>
  </titles>
  <publisher>Zenodo</publisher>
  <publicationYear>2011</publicationYear>
  <subjects>
    <subject>Biodiversity</subject>
    <subject>Taxonomy</subject>
    <subject>Animalia</subject>
    <subject>Arthropoda</subject>
    <subject>Arachnida</subject>
    <subject>Ixodida</subject>
    <subject>Ixodidae</subject>
    <subject>Argasidae</subject>
  </subjects>
  <dates>
    <date dateType="Issued">2011-12-31</date>
  </dates>
  <resourceType resourceTypeGeneral="Text">Journal article</resourceType>
  <alternateIdentifiers>
    <alternateIdentifier alternateIdentifierType="lsid">urn:lsid:plazi.org:pub:D155FFB3FFFC2374FFB7FFDDFFC5FFA7</alternateIdentifier>
    <alternateIdentifier alternateIdentifierType="url">https://zenodo.org/record/203775</alternateIdentifier>
  </alternateIdentifiers>
  <relatedIdentifiers>
    <relatedIdentifier relatedIdentifierType="URL" relationType="HasPart">http://treatment.plazi.org/id/2D6C87CBFFFF2377FF20FEB3FD43FD25</relatedIdentifier>
    <relatedIdentifier relatedIdentifierType="URL" relationType="HasPart">http://treatment.plazi.org/id/2D6C87CBFFFF2377FF20FD6FFC9FFBF1</relatedIdentifier>
    <relatedIdentifier relatedIdentifierType="URL" relationType="HasPart">http://treatment.plazi.org/id/2D6C87CBFFFF2377FF20FB5BFD90F8ED</relatedIdentifier>
    <relatedIdentifier relatedIdentifierType="URL" relationType="HasPart">http://treatment.plazi.org/id/2D6C87CBFFFF2370FF20F8A7FAD9FEC3</relatedIdentifier>
    <relatedIdentifier relatedIdentifierType="URL" relationType="HasPart">http://treatment.plazi.org/id/2D6C87CBFFF82370FF20FE4EFCEFFD6B</relatedIdentifier>
    <relatedIdentifier relatedIdentifierType="URL" relationType="HasPart">http://treatment.plazi.org/id/2D6C87CBFFF82370FF20FD26FE7EFAD0</relatedIdentifier>
    <relatedIdentifier relatedIdentifierType="URL" relationType="HasPart">http://treatment.plazi.org/id/2D6C87CBFFF82370FF20FA7AFBB2F81F</relatedIdentifier>
    <relatedIdentifier relatedIdentifierType="URL" relationType="HasPart">http://treatment.plazi.org/id/2D6C87CBFFF92371FF20FF4AFCEAFCB3</relatedIdentifier>
    <relatedIdentifier relatedIdentifierType="URL" relationType="HasPart">http://treatment.plazi.org/id/2D6C87CBFFF92371FF20FC9EFE7EFAF3</relatedIdentifier>
    <relatedIdentifier relatedIdentifierType="URL" relationType="HasPart">http://treatment.plazi.org/id/2D6C87CBFFF92372FF20FA5EFD03FCD4</relatedIdentifier>
  </relatedIdentifiers>
  <rightsList>
    <rights rightsURI="info:eu-repo/semantics/closedAccess">Closed Access</rights>
  </rightsList>
  <descriptions>
    <description descriptionType="Abstract">Heath, Allen C. G., Palma, Ricardo L., Cane, Rachel P., Hardwick, Scott (2011): Checklist of New Zealand ticks (Acari: Ixodidae, Argasidae). Zootaxa 2995: 55-63, DOI: 10.5281/zenodo.203775</description>
    <description descriptionType="Other">{"references": ["Amerson, A.B. (1968) Tick distribution in the Central Pacific as influenced by sea bird movement. Journal of Medical Entomology, 5, 332-339.", "Andre, M. &amp; Colas-Belcour, J. (1942) Sur une nouvelle variete d' Ixodes canisuga Johnston (Acarien). Bulletin du Museum, 14, 261-263.", "Arthur, D.R. (1955) Ixodes kohlsi, a new species of tick from Australia. The Journal of Parasitology, 41, 18-23.", "Arthur, D.R. (1960) A review of some ticks (Acarina: Ixodidae) of sea birds. Part II. The taxonomic problems associated with the Ixodes auritulus-percavatus group of species. Parasitology, 50, 199-226.", "Barker, S.C. &amp; Murrell, A. (2004) Systematics and evolution of ticks with a list of valid genus and species names. Parasitology, 129, S15-S36.", "Barker, S.C. &amp; Murrell, A. (2008) Systematics and evolution of ticks with a list of valid genus and species names. Chapter 1. Pp 1-39. In: Nuttall, P.A. &amp; Bowman, A.S. (eds), Ticks: biology, disease and control. Cambridge University Press, Cambridge. xii + 506 pp.", "Barros-Battesti, D.M., Arzua, M., Pichorim, M. &amp; Keirans, J.E. (2003) Ixodes (Multidentatus) paranaensis n. sp. (Acari: Ixodidae) a parasite of Streptoprocne biscutata (Sclater 1865) (Apodiformes: Apodidae) birds in Brazil. Memorias do Instituto Oswaldo Cruz 98, 93-102.", "Besier, R.B. &amp; Wroth, R. (1985) Discovery of the tick Haemaphysalis longicornis in Western Australia. Australian Veterinary Journal, 62, 205.", "Bishop, D.M. &amp; Heath, A.C.G. (1998) Checklist of ectoparasites of birds in New Zealand. Surveillance, 25 (Special Issue), 13- 31.", "Cane, R.P. (2011) Tick profiles. New Zealand Biosecure Entomology Laboratory http://www.smsl.co.nz/Services/New+Zealand+BioSecure/Ticks.html (accessed February 2011).", "Checklist Committee (O.S.N.Z.) Gill, B.J. (Convener), Bell, B.D., Chambers, G.K., Medway, D.G., Palma, R.L., Scofield, R.P., Tennyson, A.J.D. &amp; Worthy, T.H. (2010) Checklist of the birds of New Zealand, Norfolk and Macquarie Islands, and the Ross Dependency, Antarctica. Fourth Edition. Ornithological Society of New Zealand &amp; Te Papa Press, Wellington. x + 501 pp.", "Chilton, C. (1904) A species of Ixodes parasitic on the grey duck. Transactions of the New Zealand Institute, 36, 201-202, pl. X.", "Dietrich, M., Gomez-Diaz, E. &amp; McCoy, K.D. (2011). Worldwide distribution and diversity of seabird ticks: implications for the ecology and epidemiology of tick-borne pathogens. Vector-borne and Zoonotic Diseases, 11, 453-470.", "Dumbleton, L.J. (1943) A new tick from the tuatara (Sphenodon punctatus). New Zealand Journal of Science and Technology, 24(4B), 185-190.", "Dumbleton, L.J. (1953) The ticks (Ixodoidea) of the New Zealand sub-region. New Zealand Cape Expedition Series Bulletin, 14, 1-28.", "Dumbleton, L.J. (1958) The occurrence of an argasid tick in New Zealand. New Zealand Journal of Science, 1, 570-578.", "Dumbleton, L.J. (1961) The ticks (Acarina: Ixodoidea) of sea birds in New Zealand waters. New Zealand Journal of Science, 4, 760-769.", "Dumbleton, L.J. (1963) A synopsis of the ticks (Acarina: Ixodoidea) of New Zealand. Tuatara, 11, 72-78.", "Dumbleton, L.J. (1973) Additions to the New Zealand tick fauna. Tuatara, 20, 65-74.", "Fielding, J.W. (1926) Australasian ticks. Commonwealth of Australia, Department of Health Services Publication (Tropical Division), 9, 1-114.", "Galloway, T.D. (2005) Ectoparasites from native and introduced birds from Christchurch and surrounding areas, New Zealand. Tuhinga: Records of the Museum of New Zealand Te Papa Tongarewa 16, 13-20.", "Godfrey, S.S., Bull, C.M. &amp; Nelson, N.J. (2008) Seasonal and spatial dynamics of ectoparasite infestation of a threatened reptile, the tuatara (Sphenodon punctatus). Medical and Veterinary Entomology, 22, 374-385.", "Gonzalez-Acuna, D., Venzal, J.M., Keirans, J.E., Robbins, R.G., Ippi, S. &amp; Guglielmone, A.A. (2005) New host and locality records for the Ixodes auritulus (Acari: Ixodidae) species group, with a review of host relationships and distribution in the Neotropical zoogeographic region. Experimental and Applied Acarology, 37, 147-156.", "Gordon, D.P. (ed.) (2010) New Zealand Inventory of Biodiversity. Vo l u m e Tw o . Kingdom Animalia - Chaetognatha, Ecdysozoa, Ichnofossils. Canterbury University Press, Christchurch. 528 pp.", "Guglielmone, A.A., Robbins, R.G., Apanaskevich, D.A., Petney, T.N., Estrada-Pena, A. &amp; Horak, I.G. (2009) Comments on controversial tick (Acari: Ixodida) species names and species described or resurrected from 2003 to 2008. Experimental and Applied Acarology, 48, 311-327.", "Guglielmone, A.A., Robbins, R.G., Apanaskevich, D.A., Petney, T.N., Estrada-Pena, A., Horak, I.G., Shao, R. &amp; Barker, S.C. (2010) The Argasidae, Ixodidae and Nuttallielidae (Acari: Ixodida) of the world: a list of valid species names. Zootaxa, 2528, 1-28.", "Heath, A.C.G. (1977) Zoogeography of the New Zealand tick fauna. Tuatara, 23, 26-38.", "Heath, A.C.G. (1981) New Zealand cattle tick, Haemaphysalis longicornis Neumann, life cycle. DSIR Information Series, 105/ 36: 1-4.", "Heath, A.C.G. (1985) Ticks (Haemaphysalis longicornis). Chapter 4. Pp. 23-29. In: Charleston, W.A.G. (ed.), Ectoparasites of sheep in New Zealand and their control. The Sheep and Beef Cattle Society of the New Zealand Veterinary Association, Palmerston North. 79 pp.", "Heath, A.C.G. (2000) Southland tick a real problem. Rural News, March 6, correspondence.", "Heath, A.C.G. (2001) Exotic tick interceptions 1980-2000. Surveillance, 28 (4), 13-15.", "Heath, A.C.G. (2006a) Observations on Ixodes eudyptidis Maskell (Acari: Ixodidae), Ornithodoros capensis Neumann (Acari: Argasidae), and other tick parasites of sea birds in New Zealand. Systematic &amp; Applied Acarology, 11, 131-140.", "Heath, A.C.G. (2006b) A reptile tick, Amblyomma sphenodonti Dumbleton (Acari: Ixodidae), parasitic on the tuatara, Sphenodon punctatus Gray (Reptilia: Rhyncocephalia), in New Zealand: observations on its life history and biology. Systematic &amp; Applied Acarology, 11, 3-12.", "Heath, A.C.G. (2010a) Checklist of ectoparasites of birds in New Zealand: additions and corrections. Surveillance, 37, 12-17.", "Heath, A.C.G. (2010b) A review of ectoparasites of Apteryx spp. (kiwi) in New Zealand, with new host records, and the biology of Ixodes anatis (Acari: Ixodidae). Tuhinga: Records of the Museum of New Zealand Te Papa Tongarewa, 21, 147-159.", "Heath, A.C.G. &amp; Cane, R.P. (2010) A new species of Ixodiphagus (Hymenoptera: Chalcidoidea: Encyrtidae) parasitizing seabird ticks in New Zealand. New Zealand Journal of Zoology, 37(2), 147-155.", "Hillyard, P.D. (1996) Ticks of north-west Europe. Synopses of the British fauna. New Series. Number 52. Barnes, R.S.K. &amp; Crothers, J.H. (eds). Field Studies Council, Shrewsbury. 179 pp.", "Hoogstraal, H. (1967) Ixodes jacksoni n. sp. (Ixodoidea: Ixodidae) a nest parasite of the spotted cormorant, Phalacrocorax punctatus (Sparrman) in New Zealand. Journal of Medical Entomology, 4, 37-41.", "Hoogstraal, H. (1985) Argasid and nuttalliellid ticks as parasites and vectors. Advances in Parasitology, 24, 135-238.", "Hoogstraal, H., Roberts, F.H.S., Kohls, G.M. &amp; Tipton, V.J. (1968) Review of Haemaphysalis (Kaiseriana) longicornis, Neumann (Resurrected) of Australia, New Zealand, New Caledonia, Fiji, Japan, Korea, and Northeastern China and USSR and its parthenogenetic and bisexual populations (Ixodoidea: Ixodidae). Journal of Parasitology, 54, 1197-1213.", "Horak, I.G., Camicas, J.-L. &amp; Keirans, J.E. (2002) The Argasidae, Ixodidae and Nuttallielidae (Acari): Ixodida): a world list of valid tick names. Experimental and Applied Acarology, 28, 27-54.", "Kohls, G.M. (1966) A new sea bird tick, Ixodes amersoni, from Phoenix Island (Acarina: Ixodidae). Journal of Medical Entomology, 3, 38-40.", "Larsson, C., Comstedt, P., Olsen, B. &amp; Bergstrom, S. (2007) First record of Lyme disease Borrelia in the Arctic. Vector-borne and Zoonotic Diseases, 7, 453-456.", "Lee, R.E. &amp; Baust, J.G. (1987) Cold-hardiness in the Antarctic tick, Ixodes uriae. Physiological Zoology, 60, 499-506.", "Maskell, W.M. (1885) On a parasite of the penguin. Transactions of the New Zealand Institute, 17, 19-20, pl. VII.", "Miller, H.C., Conrad, A.M., Barker, S.C. &amp; Daugherty, C.H. (2007) Distribution and phylogenetic analyses of an endangered tick, Amblyomma sphenodonti. New Zealand Journal of Zoology, 34, 97-105.", "Myers, J.G. (1924) The cattle-tick (Haemaphysalis bispinosa) investigations during 1923-24. Bulletin New Zealand Department of Agriculture, 116, 1-105.", "Neumann, L.G. (1901) Revision de la famille des ixodides. Memoires de la Societe Zoologique de France, 14, 249-372.", "Nuttall, G.H.F. (1916) Notes on ticks. IV. Relating to the genus Ixodes and including a description of three new species and two new varieties. Parasitology, 8, 294-337.", "Ramsay, G.W. (1968) The argasid tick Ornithodoros capensis Neumann, from the Kermadec Islands. New Zealand Entomologist, 4, 32-34.", "Roberts, F.H.S. (1964) The tick fauna of Tasmania. Records of the Queen Victoria Museum Launceston, New Series, 17, 1-8.", "Roberts, F.H.S. (1970) Australian ticks. CSIRO, Melbourne. 267 pp.", "Spain, A.V. &amp; Luxton, M. (1971) Catalog and bibliography of the Acari of the New Zealand subregion. Pacific Insects Monograph, 25, 179-226.", "Tenquist, J.D. &amp; Charleston, W.A.G. (2001) A revision of the annotated checklist of ectoparasites of terrestrial mammals in New Zealand. Journal of the Royal Society of New Zealand, 31, 481-542.", "Theiler, G. (1971) Ixodoidea. Pp. 327-334. In: van Zinderen Bakker, E.M., Winterbottom, J.M. &amp; Dyer, R.A. (eds), Report on the South African Biological and Geographical Expedition 1965-66. A.A. Balkema, Cape Town.", "White, A. (1852) Insects and Aptera. Pp. 208-211. In: Sutherland, P.C. (ed.), Journal of a voyage in Baffin's Bay and Barrow Straits in the years 1850-1851, performed by H.M. ships \"Lady Franklyn\" and \"Sophia\", under the command of Mr William Penny, in search of the missing crews of H.M. ships Erebus and Terror: with a narrative of sledge excursions on the ice of Wellington Channel; and observations on the natural history and physical features of the countries and frozen seas visited. Volume 2. Longman, Brown, Green, and Longmans, London. 233 pp.", "Wilson, N. (1970) Acarina: Metastigmata: Ixodidae of South Georgia, Heard and Kerguelen. Pacific Insects Monograph, 23, 78-88."]}</description>
  </descriptions>
</resource>
