<?xml version="1.0" encoding="UTF-8"?>
<resource xmlns:xsi="http://www.w3.org/2001/XMLSchema-instance" xmlns="http://datacite.org/schema/kernel-4" xsi:schemaLocation="http://datacite.org/schema/kernel-4 http://schema.datacite.org/meta/kernel-4/metadata.xsd">
  <identifier identifierType="DOI">10.5061/DRYAD.MS7Q2Q4</identifier>
  <creators>
    <creator>
      <creatorName>Vaux, Felix</creatorName>
      <affiliation>Massey University</affiliation>
    </creator>
    <creator>
      <creatorName>Morgan-Richards, Mary</creatorName>
      <affiliation>Massey University</affiliation>
    </creator>
    <creator>
      <creatorName>Daly, Elizabeth E.</creatorName>
      <affiliation>Massey University</affiliation>
    </creator>
    <creator>
      <creatorName>Trewick, Steven A.</creatorName>
      <affiliation>Massey University</affiliation>
    </creator>
  </creators>
  <titles>
    <title>
      Data from: Tuatara and a new morphometric dataset for Rhynchocephalia:
      comments on Herrera‐Flores et al
    </title>
  </titles>
  <publisher>Dryad</publisher>
  <publicationYear>2019</publicationYear>
  <subjects>
    <subject>morphological conservatism</subject>
    <subject>Geometric morphometric</subject>
    <subject>Sphenodon punctatus</subject>
    <subject>living fossil</subject>
    <subject>morphological stasis</subject>
    <subject>Holocene</subject>
  </subjects>
  <dates>
    <date dateType="Available">2019-10-15T00:00:00Z</date>
  </dates>
  <language>en</language>
  <resourceType resourceTypeGeneral="Dataset">dataset</resourceType>
  <relatedIdentifiers>
    <relatedIdentifier relationType="IsSupplementTo" relatedIdentifierType="DOI">doi:10.1111/pala.12402</relatedIdentifier>
  </relatedIdentifiers>
  <sizes>
    <size>21227636 bytes</size>
  </sizes>
  <version>2</version>
  <rightsList>
    <rights rightsURI="https://creativecommons.org/publicdomain/zero/1.0/">CC0 1.0 Universal (CC0 1.0) Public Domain Dedication</rights>
  </rightsList>
  <descriptions>
    <description descriptionType="Abstract">
      It has recently been suggested that a ‘living fossil’ can be identified
      because it is both morphologically conservative and exhibits a
      significantly slower rate of morphological evolution compared to related
      lineages (Herrera-Flores et al. 2017). As an exemplar, variation among
      known rhynchocephalians was investigated, and it was concluded that the
      New Zealand tuatara Sphenodon punctatus Gray, 1831 is a living fossil
      species (Herrera-Flores et al. 2017). In addition to the dubious
      biological meaning and basis of describing a ‘living fossil’ (Grandcolas
      et al. 2014; Grandcolas and Trewick 2016), we find major flaws in the
      methods used to investigate morphological conservatism among
      rhynchocephalians. To assist future studies of dentary shape variation
      among rhynchocephalians and morphological conservatism, we provide a
      geometric morphometric dataset for tuatara.
    </description>
    <description descriptionType="Other">
      Tutara samplingPhotographic and digitisation sampling of tuatara dentary
      bones for this study. File includes provenance and museum collection
      information.tuatara-sampling.xlsxTuatara morphometric datasetProcrustes
      coordinates and centroid size values for digitised tuatara dentary bones.
      File can be easily modified (instructions included) for conversion into
      .csv file for input into the geometric morphometric software MorphoJ. File
      includes keys for the classifier strings used in specimen IDs to classify
      specimens into groups (e.g. regions, left or right, living or
      fossil).tuatara-morpho-dataset.xlsxSupporting MaterialSupporting Tables
      and FiguresSUPPORTING.docxSupplementary Figure 1Supplementary Figure
      1SUPFIG1.tifSupplementary Figure 2Supplementary Figure
      2SUPFIG2.tifSupplementary Figure 3Supplementary Figure
      3SUPFIG3.tifSupplementary Figure 4Supplementary Figure
      4SUPFIG4.tifSupplementary Table 1Supplementary Table 1SUPTABLE1.docx
    </description>
  </descriptions>
  <geoLocations>
    <geoLocation>
      <geoLocationPlace>New Zealand</geoLocationPlace>
    </geoLocation>
  </geoLocations>
</resource>