<?xml version="1.0" encoding="UTF-8"?>
<resource xmlns="http://datacite.org/schema/kernel-3" xmlns:xsi="http://www.w3.org/2001/XMLSchema-instance" xsi:schemaLocation="http://datacite.org/schema/kernel-3 http://schema.datacite.org/meta/kernel-3/metadata.xsd"><identifier identifierType="DOI">10.6084/M9.FIGSHARE.25505</identifier><creators><creator><creatorName>Juliane C Dohm</creatorName></creator><creator><creatorName>Enkhjargal Tsend-Ayush</creatorName></creator><creator><creatorName>Richard Reinhardt</creatorName></creator><creator><creatorName>Frank Grützner</creatorName></creator><creator><creatorName>Heinz Himmelbauer</creatorName></creator></creators><titles><title>Phylogenetic analysis of platypus MHC class I genes</title></titles><descriptions><description descriptionType="Abstract">Species tree of taxonomic entities represented in the trees shown in Figures 3 and 4b. MHC class I gene phylogenetic tree. Hosa, (human); Eqca, (horse); Cafa, (dog); Tube, (Northern tree shrew); Orcu, (rabbit); Rano, (rat); Modo, (opossum); Isma, (Northern brown bandicoot); Trvu, (silver-grey brushtail possum); Maru, (red-necked wallaby); Maeu, (tammar wallaby); Oran, (platypus); Taac, (echidna); Anpl, (duck); Gaga, (chicken); Pesi, (Chinese softshell turtle); Amam, (lizard); Nesi, (snake); Sppu, (tuatara); Amme, (axolotl); Rapi, (Northern leopard frog); Xela, (African clawed frog); Xetr, (Western clawed frog). Black diamonds highlight platypus class I sequences identified in this study. The marsupial Isoodon (Isma2-1-3) is represented by an artificial class I sequence that we generated from three separate overlapping class I sequence entries for this species. Tree construction using the NJ method was as described in Materials and methods. Numbers indicate bootstrap support in percent. Branch lengths are proportional to number of substitutions. The scale bar indicates 10% substitutions per site. Sequences used and their accession numbers are listed in Additional data file 11.&lt;p&gt;&lt;b&gt;Copyright information:&lt;/b&gt;&lt;/p&gt;&lt;p&gt;Taken from "Disruption and pseudoautosomal localization of the major histocompatibility complex in monotremes"&lt;/p&gt;&lt;p&gt;http://genomebiology.com/2007/8/8/R175&lt;/p&gt;&lt;p&gt;Genome Biology 2007;8(8):R175-R175.&lt;/p&gt;&lt;p&gt;Published online 29 Aug 2007&lt;/p&gt;&lt;p&gt;PMCID:PMC2375005.&lt;/p&gt;&lt;p&gt;&lt;/p&gt;</description></descriptions><subjects><subject>Genetics</subject></subjects><publisher>Figshare</publisher><publicationYear>2011</publicationYear><dates><date dateType="Created">2011-12-30</date><date dateType="Updated">2012-05-08</date></dates><resourceType resourceTypeGeneral="Image">Figure</resourceType><sizes><size>84145 Bytes</size></sizes><rightsList><rights rightsURI="http://creativecommons.org/licenses/by/3.0/us/">CC-BY</rights></rightsList></resource>