<?xml version='1.0' encoding='utf-8'?>
<resource xmlns:xsi="http://www.w3.org/2001/XMLSchema-instance" xmlns="http://datacite.org/schema/kernel-4" xsi:schemaLocation="http://datacite.org/schema/kernel-4 http://schema.datacite.org/meta/kernel-4.1/metadata.xsd">
  <identifier identifierType="DOI">10.5281/zenodo.211734</identifier>
  <creators>
    <creator>
      <creatorName>Bauer, Aaron M.</creatorName>
      <givenName>Aaron M.</givenName>
      <familyName>Bauer</familyName>
    </creator>
    <creator>
      <creatorName>Jackman, Todd R.</creatorName>
      <givenName>Todd R.</givenName>
      <familyName>Jackman</familyName>
    </creator>
    <creator>
      <creatorName>Sadlier, Ross A.</creatorName>
      <givenName>Ross A.</givenName>
      <familyName>Sadlier</familyName>
    </creator>
    <creator>
      <creatorName>Whitaker, Anthony H.</creatorName>
      <givenName>Anthony H.</givenName>
      <familyName>Whitaker</familyName>
    </creator>
  </creators>
  <titles>
    <title>Revision Of The Giant Geckos Of New Caledonia (Reptilia: Diplodactylidae: Rhacodactylus)</title>
  </titles>
  <publisher>Zenodo</publisher>
  <publicationYear>2012</publicationYear>
  <subjects>
    <subject>Biodiversity</subject>
    <subject>Taxonomy</subject>
    <subject>Animalia</subject>
    <subject>Chordata</subject>
    <subject>Reptilia</subject>
    <subject>Squamata</subject>
    <subject>Diplodactylidae</subject>
  </subjects>
  <dates>
    <date dateType="Issued">2012-12-31</date>
  </dates>
  <resourceType resourceTypeGeneral="Text">Journal article</resourceType>
  <alternateIdentifiers>
    <alternateIdentifier alternateIdentifierType="lsid">urn:lsid:plazi.org:pub:A076FF99FFBEFFA60818FF81D705B67C</alternateIdentifier>
    <alternateIdentifier alternateIdentifierType="url">https://zenodo.org/record/211734</alternateIdentifier>
  </alternateIdentifiers>
  <relatedIdentifiers>
    <relatedIdentifier relatedIdentifierType="URL" relationType="HasPart">http://treatment.plazi.org/id/5C4F87E1FFB2FFAA088FFAE7D4DEB1C1</relatedIdentifier>
    <relatedIdentifier relatedIdentifierType="URL" relationType="HasPart">http://treatment.plazi.org/id/5C4F87E1FFB0FFA8088FFF16D350B59E</relatedIdentifier>
    <relatedIdentifier relatedIdentifierType="URL" relationType="HasPart">http://treatment.plazi.org/id/5C4F87E1FFB0FFA8088FFBBBD5AAB1F9</relatedIdentifier>
    <relatedIdentifier relatedIdentifierType="URL" relationType="HasPart">http://treatment.plazi.org/id/5C4F87E1FFB1FFA9088FFF16D340B526</relatedIdentifier>
    <relatedIdentifier relatedIdentifierType="URL" relationType="HasPart">http://treatment.plazi.org/id/5C4F87E1FFB1FFA9088FFC2FD651B00E</relatedIdentifier>
    <relatedIdentifier relatedIdentifierType="URL" relationType="HasPart">http://treatment.plazi.org/id/5C4F87E1FFB1FFB6088FF944D5D3B4B0</relatedIdentifier>
    <relatedIdentifier relatedIdentifierType="URL" relationType="HasPart">http://treatment.plazi.org/id/5C4F87E1FFAEFFB6088FFC9ED307B3E6</relatedIdentifier>
    <relatedIdentifier relatedIdentifierType="URL" relationType="HasPart">http://treatment.plazi.org/id/5C4F87E1FFAEFFB7088FFA6FD30FB423</relatedIdentifier>
    <relatedIdentifier relatedIdentifierType="URL" relationType="HasPart">http://treatment.plazi.org/id/5C4F87E1FFAFFFB0088FF8ADD51FB423</relatedIdentifier>
    <relatedIdentifier relatedIdentifierType="URL" relationType="HasPart">http://treatment.plazi.org/id/5C4F87E1FFA8FFB1088FF931D293B1A9</relatedIdentifier>
    <relatedIdentifier relatedIdentifierType="URL" relationType="HasPart">http://treatment.plazi.org/id/5C4F87E1FFA6FFB9088FFF16D643B788</relatedIdentifier>
    <relatedIdentifier relatedIdentifierType="URL" relationType="HasPart">http://treatment.plazi.org/id/5C4F87E1FFA1FFB9088FFDC6D653B32E</relatedIdentifier>
    <relatedIdentifier relatedIdentifierType="URL" relationType="HasPart">http://treatment.plazi.org/id/5C4F87E1FFA1FF8E088FFA27D7E5B22B</relatedIdentifier>
    <relatedIdentifier relatedIdentifierType="DOI" relationType="HasPart">10.5281/zenodo.211735</relatedIdentifier>
    <relatedIdentifier relatedIdentifierType="LSID" relationType="HasPart">urn:lsid:plazi.org:fig:10-185-1384-161-1812</relatedIdentifier>
    <relatedIdentifier relatedIdentifierType="URL" relationType="HasPart">http://zenodo.org/record/211735</relatedIdentifier>
    <relatedIdentifier relatedIdentifierType="DOI" relationType="HasPart">10.5281/zenodo.211736</relatedIdentifier>
    <relatedIdentifier relatedIdentifierType="LSID" relationType="HasPart">urn:lsid:plazi.org:fig:11-185-1392-253-1495</relatedIdentifier>
    <relatedIdentifier relatedIdentifierType="URL" relationType="HasPart">http://zenodo.org/record/211736</relatedIdentifier>
    <relatedIdentifier relatedIdentifierType="DOI" relationType="HasPart">10.5281/zenodo.211737</relatedIdentifier>
    <relatedIdentifier relatedIdentifierType="LSID" relationType="HasPart">urn:lsid:plazi.org:fig:13-151-1435-259-1799</relatedIdentifier>
    <relatedIdentifier relatedIdentifierType="URL" relationType="HasPart">http://zenodo.org/record/211737</relatedIdentifier>
    <relatedIdentifier relatedIdentifierType="DOI" relationType="HasPart">10.5281/zenodo.211738</relatedIdentifier>
    <relatedIdentifier relatedIdentifierType="LSID" relationType="HasPart">urn:lsid:plazi.org:fig:17-163-1425-682-1587</relatedIdentifier>
    <relatedIdentifier relatedIdentifierType="URL" relationType="HasPart">http://zenodo.org/record/211738</relatedIdentifier>
    <relatedIdentifier relatedIdentifierType="DOI" relationType="HasPart">10.5281/zenodo.211739</relatedIdentifier>
    <relatedIdentifier relatedIdentifierType="LSID" relationType="HasPart">urn:lsid:plazi.org:fig:18-160-1425-817-1724</relatedIdentifier>
    <relatedIdentifier relatedIdentifierType="URL" relationType="HasPart">http://zenodo.org/record/211739</relatedIdentifier>
    <relatedIdentifier relatedIdentifierType="DOI" relationType="HasPart">10.5281/zenodo.211740</relatedIdentifier>
    <relatedIdentifier relatedIdentifierType="LSID" relationType="HasPart">urn:lsid:plazi.org:fig:20-163-1425-562-1466</relatedIdentifier>
    <relatedIdentifier relatedIdentifierType="URL" relationType="HasPart">http://zenodo.org/record/211740</relatedIdentifier>
    <relatedIdentifier relatedIdentifierType="DOI" relationType="HasPart">10.5281/zenodo.211741</relatedIdentifier>
    <relatedIdentifier relatedIdentifierType="LSID" relationType="HasPart">urn:lsid:plazi.org:fig:21-151-1435-395-1956</relatedIdentifier>
    <relatedIdentifier relatedIdentifierType="URL" relationType="HasPart">http://zenodo.org/record/211741</relatedIdentifier>
    <relatedIdentifier relatedIdentifierType="DOI" relationType="HasPart">10.5281/zenodo.211742</relatedIdentifier>
    <relatedIdentifier relatedIdentifierType="LSID" relationType="HasPart">urn:lsid:plazi.org:fig:22-151-1435-661-1516</relatedIdentifier>
    <relatedIdentifier relatedIdentifierType="URL" relationType="HasPart">http://zenodo.org/record/211742</relatedIdentifier>
    <relatedIdentifier relatedIdentifierType="DOI" relationType="HasPart">10.5281/zenodo.211743</relatedIdentifier>
    <relatedIdentifier relatedIdentifierType="LSID" relationType="HasPart">urn:lsid:plazi.org:fig:23-161-1421-343-1246</relatedIdentifier>
    <relatedIdentifier relatedIdentifierType="URL" relationType="HasPart">http://zenodo.org/record/211743</relatedIdentifier>
    <relatedIdentifier relatedIdentifierType="DOI" relationType="HasPart">10.5281/zenodo.211744</relatedIdentifier>
    <relatedIdentifier relatedIdentifierType="LSID" relationType="HasPart">urn:lsid:plazi.org:fig:24-212-1374-416-1016</relatedIdentifier>
    <relatedIdentifier relatedIdentifierType="URL" relationType="HasPart">http://zenodo.org/record/211744</relatedIdentifier>
    <relatedIdentifier relatedIdentifierType="DOI" relationType="HasPart">10.5281/zenodo.211745</relatedIdentifier>
    <relatedIdentifier relatedIdentifierType="LSID" relationType="HasPart">urn:lsid:plazi.org:fig:25-160-1426-418-1328</relatedIdentifier>
    <relatedIdentifier relatedIdentifierType="URL" relationType="HasPart">http://zenodo.org/record/211745</relatedIdentifier>
    <relatedIdentifier relatedIdentifierType="DOI" relationType="HasPart">10.5281/zenodo.211746</relatedIdentifier>
    <relatedIdentifier relatedIdentifierType="LSID" relationType="HasPart">urn:lsid:plazi.org:fig:26-151-1435-445-1156</relatedIdentifier>
    <relatedIdentifier relatedIdentifierType="URL" relationType="HasPart">http://zenodo.org/record/211746</relatedIdentifier>
    <relatedIdentifier relatedIdentifierType="DOI" relationType="HasPart">10.5281/zenodo.211747</relatedIdentifier>
    <relatedIdentifier relatedIdentifierType="LSID" relationType="HasPart">urn:lsid:plazi.org:fig:26-151-1435-1280-1794</relatedIdentifier>
    <relatedIdentifier relatedIdentifierType="URL" relationType="HasPart">http://zenodo.org/record/211747</relatedIdentifier>
    <relatedIdentifier relatedIdentifierType="DOI" relationType="HasPart">10.5281/zenodo.211748</relatedIdentifier>
    <relatedIdentifier relatedIdentifierType="LSID" relationType="HasPart">urn:lsid:plazi.org:fig:27-151-1436-841-1296</relatedIdentifier>
    <relatedIdentifier relatedIdentifierType="URL" relationType="HasPart">http://zenodo.org/record/211748</relatedIdentifier>
    <relatedIdentifier relatedIdentifierType="DOI" relationType="HasPart">10.5281/zenodo.211749</relatedIdentifier>
    <relatedIdentifier relatedIdentifierType="LSID" relationType="HasPart">urn:lsid:plazi.org:fig:29-217-1369-733-1447</relatedIdentifier>
    <relatedIdentifier relatedIdentifierType="URL" relationType="HasPart">http://zenodo.org/record/211749</relatedIdentifier>
    <relatedIdentifier relatedIdentifierType="DOI" relationType="HasPart">10.5281/zenodo.211750</relatedIdentifier>
    <relatedIdentifier relatedIdentifierType="LSID" relationType="HasPart">urn:lsid:plazi.org:fig:30-337-1249-229-840</relatedIdentifier>
    <relatedIdentifier relatedIdentifierType="URL" relationType="HasPart">http://zenodo.org/record/211750</relatedIdentifier>
    <relatedIdentifier relatedIdentifierType="DOI" relationType="HasPart">10.5281/zenodo.211751</relatedIdentifier>
    <relatedIdentifier relatedIdentifierType="LSID" relationType="HasPart">urn:lsid:plazi.org:fig:32-155-1429-413-1326</relatedIdentifier>
    <relatedIdentifier relatedIdentifierType="URL" relationType="HasPart">http://zenodo.org/record/211751</relatedIdentifier>
    <relatedIdentifier relatedIdentifierType="DOI" relationType="HasPart">10.5281/zenodo.211752</relatedIdentifier>
    <relatedIdentifier relatedIdentifierType="LSID" relationType="HasPart">urn:lsid:plazi.org:fig:33-151-1435-409-885</relatedIdentifier>
    <relatedIdentifier relatedIdentifierType="URL" relationType="HasPart">http://zenodo.org/record/211752</relatedIdentifier>
    <relatedIdentifier relatedIdentifierType="DOI" relationType="HasPart">10.5281/zenodo.211753</relatedIdentifier>
    <relatedIdentifier relatedIdentifierType="LSID" relationType="HasPart">urn:lsid:plazi.org:fig:33-313-1273-980-1620</relatedIdentifier>
    <relatedIdentifier relatedIdentifierType="URL" relationType="HasPart">http://zenodo.org/record/211753</relatedIdentifier>
    <relatedIdentifier relatedIdentifierType="DOI" relationType="HasPart">10.5281/zenodo.211754</relatedIdentifier>
    <relatedIdentifier relatedIdentifierType="LSID" relationType="HasPart">urn:lsid:plazi.org:fig:36-313-1273-1057-1880</relatedIdentifier>
    <relatedIdentifier relatedIdentifierType="URL" relationType="HasPart">http://zenodo.org/record/211754</relatedIdentifier>
    <relatedIdentifier relatedIdentifierType="DOI" relationType="HasPart">10.5281/zenodo.211755</relatedIdentifier>
    <relatedIdentifier relatedIdentifierType="LSID" relationType="HasPart">urn:lsid:plazi.org:fig:37-151-1435-179-1702</relatedIdentifier>
    <relatedIdentifier relatedIdentifierType="URL" relationType="HasPart">http://zenodo.org/record/211755</relatedIdentifier>
    <relatedIdentifier relatedIdentifierType="DOI" relationType="HasPart">10.5281/zenodo.211756</relatedIdentifier>
    <relatedIdentifier relatedIdentifierType="LSID" relationType="HasPart">urn:lsid:plazi.org:fig:38-151-1435-384-1908</relatedIdentifier>
    <relatedIdentifier relatedIdentifierType="URL" relationType="HasPart">http://zenodo.org/record/211756</relatedIdentifier>
  </relatedIdentifiers>
  <rightsList>
    <rights rightsURI="info:eu-repo/semantics/closedAccess">Closed Access</rights>
  </rightsList>
  <descriptions>
    <description descriptionType="Abstract">Bauer, Aaron M., Jackman, Todd R., Sadlier, Ross A., Whitaker, Anthony H. (2012): Revision of the giant geckos of New Caledonia (Reptilia: Diplodactylidae: Rhacodactylus). Zootaxa 3404: 1-52, DOI: 10.5281/zenodo.211734</description>
    <description descriptionType="Other">{"references": ["Almaca, C. &amp; Neves, A. (1987) The Museu Bocage and the new series of its Arquivos. Arquivos do Museu Bocage, N.S., 1, 1-8.", "Andersson L.G. (1908) Two new lizards (Eurydactylus and Lygosoma) from New Caledonia. Arkiv for Zoologi, 4(14), 1-5.", "Astrongatt, S. &amp; le Breton, J. (2011) Caracterisation faunistique des concessions Paulette et Penn (Massif de Ouazangou - Ouaco). Etat initial : methodes et resultats-analyses et recommandations. Unpublished report to Aqua Terra, Noumea, 53 pp.", "Atkinson, I.A.E. (1985) The spread of commensal species of Rattus to oceanic islands and their effects on island avifaunas. In: Moore, P.J. (Ed.) Conservation of Island Birds: Case Studies for the Management of Threatened Island Species. International Council for Bird Preservation, Cambridge, UK, pp. 35-81.", "Bach, S. (2006) Der Kronengecko, Rhacodactylus ciliatus. Natur und Tier-Verlag, Munster. 64 pp.", "Baldwin, R. &amp; Repashey, A. (1998) Back with a vengeance: the New Caledonian crested gecko (Rhacodactylus ciliatus). Reptiles, 6(4), 32-42.", "Balouet, J.C. &amp; Olson, S.L. (1989) Fossil birds from Late Quaternary deposits in New Caledonia. Smithsonian Contributions to Zoology (469), iv + 38 pp.", "Bartmann, W. &amp; Minuth, E. (1979) Ein lebendgebarender Gecko, Rhacodactylus trachyrhynchus Bocage 1873 aus Neukaledonien. Salamandra, 15, 58-60.", "Bauer, A.M. (1985) Notes on the taxonomy, morphology and behaviour of Rhacodactylus chahoua (Bavay) (Reptilia: Gekkonidae). Bonner zoologische Beitrage, 36, 81-94", "Bauer, A.M. (1989) Reptiles and the biogeographic interpretation of New Caledonia. Tuatara, 30, 39-50.", "Bauer, A.M. (1990) Phylogenetic systematics and biogeography of the Carphodactylini (Reptilia: Gekkonidae). Bonner zoologische Monographien, 30, 1-220.", "Bauer, A.M. (1999) The terrestrial reptiles of New Caledonia: the origin and evolution of a highly endemic herpetofauna. In: Ota, H. (Ed.) Tropical Island Herpetofaunas: Origin, Current Diversity, and Conservation. Elsevier, Amsterdam, pp. 3-25.", "Bauer, A.M. &amp; Henle, K. (1994) Liste der rezenten Amphibien und Reptilien: Gekkonidae. Part 1, Australia and Oceania. Das Tierreich 109. Walter De Gruyter, Berlin, xiii + 306 pp.", "Bauer, A.M. &amp; Jackman, T. (2006) Phylogeny and microendemism of the New Caledonian lizard fauna. In: Vences, M., Kohler, J., Ziegler, T. &amp; Bohme, W. (Eds.) Herpetologica Bonnensis II, Proceedings of the 13th Ordinary General Meeting of the Societas Europeae Herpetologica. Zoologisches Forschungsmuseum Alexander Koenig, Bonn, pp. 9-14.", "Bauer, A.M. &amp; Sadlier, R.A. (1993) Systematics, biogeography and conservation of the lizards of New Caledonia. Biodiversity Letters, 1, 107-122.", "Bauer, A.M. &amp; Sadlier, R.A. (1994) The terrestrial herpetofauna of the Ile des Pins, New Caledonia. Pacific Science, 48, 353-366.", "Bauer, A.M. &amp; Sadlier, R.A. (2000) The Herpetofauna of New Caledonia. Society for the Study of Amphibians and Reptiles, Ithaca, New York, xii + 310 pp.", "Bauer, A.M. &amp; Sadlier, R.A. (2001) New data on the distribution, status, and biology of the New Caledonian giant geckos (Squamata: Diplodactylidae: Rhacodactylus spp.). Amphibian and Reptile Conservation, 2(1), 24-29.", "Bauer, A.M. &amp; Vindum, J.V. (1990) A checklist and key to the herpetofauna of New Caledonia, with remarks on biogeography. Proceedings of the California Academy of Sciences, 47, 17-45.", "Bauer, A.M., Jackman, T.R. &amp; Kiebish, M. (2004) Molecular systematics of the New Caledonian geckos Rhacodactylus and Eurydactylodes (Squamata: Diplodactylidae). New Zealand Journal of Zoology, 31, 100.", "Bauer, A.M., Jackman, T.R., Sadlier, R.A., Shea, G. &amp; Whitaker, A.H. (2008) A new small-bodied species of Bavayia (Reptilia: Squamata: Diplodactylidae) from southeastem New Caledonia. Pacific Science, 62, 247-256.", "Bauer, A.M., Jackman, T., Sadlier, R.A. &amp; Whitaker, A.H. (2006a) A new genus and species of diplodactylid gecko (Reptilia: Squamata: Diplodactylidae) from northwestern New Caledonia. Pacific Science, 60, 125-135.", "Bauer, A.M., Jackman, T., Sadlier, R.A. &amp; Whitaker, A.H. (2006b) A revision of the Bavayia validiclavis group (Squamata: Gekkota: Diplodactylidae), a clade of New Caledonian geckos exhibiting microendemism. Proceedings of the California Academy of Sciences, 57, 503-547.", "Bauer, A.M., Jackman, T., Sadlier, R.A. &amp; Whitaker, A.H. (2009) Review and phylogeny of the New Caledonian diplodactylid gekkotan genus Eurydactylodes Wermuth, 1965, with the description of a new species. Zoologia Neocaledonica 7, Memoires du Museum national d'Histoire naturelle, 198, 13-36.", "Bauer, A.M., Jones, J. &amp; Sadlier, R.A. (2000) A new high-elevation Bavayia (Reptilia: Squamata: Diplodactylidae) from northeastern New Caledonia. Pacific Science, 54, 63-69.", "Bauer, A.M., Russell, A.P. &amp; Dollahon, N.R. (1993) Function of mite pockets of lizards: a reply to E.N. Arnold. Canadian Journal of Zoology, 71, 865-868.", "Bauer, A.M., Sadlier, R.A., Jackman, T.R. &amp; Shea, G. (2012) A new member of the Bavayia cyclura species group (Reptilia: Squamata: Diplodactylidae) from the southern ranges of New Caledonia. Pacific Science, 66, 239-247.", "Bauer, A.M., Whitaker, A.H &amp; Sadlier, R.A. (1998) Two New Species of the Genus Bavayia (Reptilia: Squamata: Diplodactylidae) from New Caledonia. Pacific Science, 52, 342-355.", "Bavay, A. (1869) Catalogue des reptiles de la Nouvelle-Caledonie et description d'especes nouvelles. Memoires de la Societe Linneenne de Normandie, 15, 1-37. Bocage, J.V. Barboza du (1873a) Note sur quelques geckotiens nouveaux ou peu connus de la Nouvelle Caledonie. Jornal de Sciencias Mathematicas, Physicas, e Naturaes, Academia Real das Sciencas de Lisboa, 4, 201-207.", "Blainville, H.M.D. de. (1822) Sur les caracteres distinctifs des especes de cerfs. Journal de Physique, de Chimie, et d'Histoire Naturelle, 94, 254-283.", "Bocage, J.V. Barboza du. (1873) Sur quelques sauriens nouveaux de la Nouvelle Caledonie et de l'Australie. Jornal de Sciencias Mathematicas, Physicas, e Naturaes, Academia Real das Sciencas de Lisboa, 4, 228-232.", "Bocage, J.V. Barboza du. (1881) Nota sobre a synonymia de algunos saurios da Nova Caledonia. Jornal de Sciencias Mathematicas, Physicas, e Naturaes, Academia Real das Sciencas de Lisboa, 8, 126-132.", "Bohme, W. (1976) Uber die Gattung Eugongylus Fitzinger, mit Beschreibung einer neuer Art (Reptilia: Scincidae). Bonner zoologische Beitrage, 27, 245-251.", "Bohme, W. &amp; Henkel, F.-W. (1985) Zur Kenntnis der Herpetofauna Neukaledoniens, speziell der Gattung Rhacodactylus (Sauria: Gekkonidae). herpetofauna, 7(34), 23-29.", "Bohme, W. &amp; Sering, M. (1997) Tail squirting in Eurydactylodes: independent evolution of caudal defensive glands in a diplodactyline gecko (Reptilia, Gekkonidae). Zoologische Anzeiger, 25, 225-229.", "Bolger, D.T &amp; Case, T.J. (1992) Intra- and interspecific interference behaviour among sexual and asexual geckos. Animal Behaviour, 44, 21-30.", "Borner, A.-R. (1980) Uber neukaledonische Skinke des Leiolopisma austrocaledonicum - Komplexes. Miscellaneous Articles in Saurology, (5), 15 pp.", "Both, A.R. (1999) The New Caledonian crested gecko (Rhacodactylus ciliatus). Reptile Hobbyist, 4(5), 36-41.", "Boulenger, G.A. (1878) Description d'un genre nouveau et d'une espece nouvelle de la famille des geckotides. Bulletin de la Societe Zoologique de France, 3, 68-70, pl. 2.", "Boulenger, G.A. (1879) Sur l'identite specifique de Chameleonurus trachycephalus Boulenger et Platydactylus chahoua Bavay. Bulletin de la Societe Zoologique de France, 4, 141-142.", "Boulenger, G.A. (1883) On the geckos of New Caledonia. Proceedings of the Zoological Society of London, 1883, 116-131.", "Boulenger, G.A. (1885) Catalogue of the Lizards in the British Museum (Natural History), Second Edition. Vol. 1. Geckonidae, Eublepharidae, Uroplatidae, Pygopodidae, Agamidae. British Museum (Natural History), London. xii + 436 pp., pls. 1-32.", "Brongersma, L.D. (1936) Herpetological note - XII. Zoologische Mededelingen, 19, 136.", "Case, T.J., Bolger, D.T. &amp; Petren, K. (1994) Invasions and competitive displacement among house geckos in the tropical Pacific. Ecology, 75, 464-477", "Cemelli, S. (2009) Island giants, your guide to the New Caledonian giant gecko. Reptiles, June 2009, 32-41.", "Chapple, D.G., Ritchie, P.A. &amp; Daugherty, C.H. (2009) Origin, diversification, and systematic of the New Zealand skink fauna (Reptilia: Scincidae). Molecular Phylogenetics and Evolution, 52, 470-487.", "Chazeau, J. (1993) Research on New Caledonian terrestrial fauna: achievements and prospects. Biodiversity Letters, 1, 123-129.", "Cluzel, D., Aitchison, J.C. &amp; Picard, C. (2001) Tectonic accretion and underplating of mafic terranes in the Late Eocene intraoceanic fore-arc of New Caledonia (Southwest Pacific): geodynamic implications. Tectonophysics, 340, 23-59.", "Cole, N.C., Jones, C.G. &amp; Harris, S. (2005) The need for enemy-free species: the impact of an invasive gecko on island endemics. Biological Conservation, 125, 467-474", "Cunkelman, A.A. (2005) The ecology of Rhacodactylus leachianus and R trachyrhynchus in an area of sympatry. Unpublished M. S. thesis, Villanova University, xii + 114 pp.", "Cuvier, G. (1829) Le Regne Animal Distribue d'apres son Organisation, pour Servir de Base a l'Histoire Naturelle des Animaux et d'Introduction a l'Anatomie Comparee, Nouvelle Edition, Revue et Augmentee. Tome 2. Deterville et Crochard, Paris, xv + 406 pp., pls. 5-13.", "De Silva, A. &amp; Bauer, A.M. (2008) The origin of the word \"gecko.\" Bibliotheca Herpetologica, 8, 20-31.", "de Vosjoli, P. (1995) Notes from a herpetological field trip to New Caledonia, part one: account from the daily journals of Philippe de Vosjoli and Frank Fast. The Vivarium, 6(5), 4-7,12, 14-17, 36-38, 40-43.", "de Vosjoli, P. (1997) Great tales of the mad gecko hunters: Island X and riding the waves at the mouth of death. The Vivarium, 8(2), 16-21.", "de Vosjoli, P. &amp; Fast, F. (1995) Notes from a herpetological field trip to New Caledonia, part two: notes on three species of New Caledonian geckos of the genus Rhacodactylus. The Vivarium, 6(6), 26-29, 53-54.", "de Vosjoli, P., Fast, F. &amp; Repashy, A. (2003) Rhacodactylus, the Complete Guide to their Selelction and Care. Advanced Visions, Inc., Vista, California. 296 pp.", "Donnellan, S.C., Hutchinson, M.N. &amp; Saint, K.M. (1999) Molecular evidence for the phylogeny of Australian gekkonoid lizards. Biological Journal of the Linnean Society, 67, 97-118.", "Dumeril, A.-M.-C. &amp; Bibron, G. (1836) Erpetologie Generale ou Histoire Naturelle Complete des Reptiles, Tome 3; Librairie Encyclopedique de Roret, Paris, (2), (1), iv + 571 pp., errata, 2 folding tables., pls. 25-28, 33, 35, 43-48.", "Ekstrom, J.M.M., Jones, J.P.G., Willis, J. &amp; Isherwood, I. (2000) The humid forests of New Caledonia. Biological research and conservation recommendations for the vertebrate fauna of Grande Terre. CSB Conservation Publications, London, (6) + 94 + (13) pp.", "Espeland, M. &amp; Johansen, K.A. (2008) The effect of environmental diversification on species diversification in New Caledonian caddisflies (Insecta: Trichoptera: Hydropsychidae). Journal of Biogeography, 37, 879-890.", "Espeland, M., Johansen, K.A. &amp; Hovmoller, R. (2008) Early Xanthochorema (Trichoptera, Insecta) radiations in New Caledonia originated on ultrabasic rocks. Molecular Phylogenetics and Evolution, 48, 904-917.", "Fitzinger, L. (1843) Systema Reptilium (Amblyglossae). Braumuller et Seidel, Vindobonae [Vienna]. 106 pp. + vi, 3 pp. index (unnumbered).", "Gargominy, O., Bouchet, P., Pascal, M., Jaffre, T. &amp; Tourneur, J.-C. (1996) Consequences des introductions d'especes animales et vegetales sur la biodiversite en Nouvelle-Caledonie. Revue d'Ecologie - La Terre et la Vie, 51, 375-402.", "Geneva, A. (2007) The phylogeography of Bavayia cf. crassicollis. Unpublished M.S. thesis, Villanova University, viii + 119 pp.", "Gerard, P. (1999) Rhacodactylus ciliatus. The enigmatic crested gecko. Reptilia (GB), 9 (October), 27-33.", "Girard, F. &amp; Heuclin, D. (1998) Premiere mention de gecko Rhacodactylus ciliatus sur la Grande Terre (Nouvelle-Caledonie) depuis sa description en 1866. Bulletin de la Societe Herpetologique de France, 85-86, 60-61.", "Good, D.A., Bauer, A.M. &amp; Sadlier, R.A. (1997) Allozyme evidence for the phylogeny of giant New Caledonain geckos (Squamata: Diplodactylidae: Rhacodactylus), with comments on the status of R. leachianus henkeli. Australian Journal of Zoology, 45, 317-330.", "Grandcolas, P., Murienne, J., Robillard, T., Desutter-Grandcolas, L., Jourdan, H., Guilbert, E. &amp; Deharveng, L. (2008) New Caledonia: a very old Darwinian island? Philosophical Transactions of the Royal Society B, 363, 3309-3317.", "Guichenot, A. (1866) Notice sur un nouveau genre de sauriens de la famille geckotiens, du Museum de Paris. Memoires de la Societe des Sciences Naturelles de Cherbourg,12, 248-252.", "Gunther, A. (1872) On some new species of reptiles and fishes collected by J. Brenchley, Esq. Annals and Magazine of Natural History, series 4, 10, 418-420.", "Hamper, R. (2003) The Crested Gecko in Captivity. ECO Publishing, Lansing, Michigan, [10] + 69 pp.", "Hecht, M.K. (1952) Natural selection in the lizard genus Aristelliger. Evolution, 6, 112-124.", "Henkel, F.-W. (1987) Haltung und Zucht von Rhacodactylus sarasinorum. Herpetofauna, 9(50), 25-26.", "Henkel, F.-W. (1988) Rhacodactylus sarasinorum Roux [Amphib.-Reptil. Kartei:125-128]. Sauria, 10(4), 125-128.", "Henkel, F.-W. (1991) Zur Kenntnis der diplodactylinen Gecko-Gattung Rhacodactylus Fitzinger, 1843. Aspekte von Freileben, Haltung und Nachzucht. Salamandra, 27, 58-69.", "Henkel, F.-W. (1993) Notes on the diplodactyline gecko genus Rhacodactylus (Fitzinger, 1843), observations in the wild as well as aspects of captive husbandry and breeding. Dactylus, 1(4), 22-32.", "Henkel, F.-W. (2009) Beobachtungen an Neukaledonischen Riesengeckos in der Natur. Draco, 9(4), 14-22.", "Henkel, F.-W. (2009) Sarasins Gecko - Rhacodactylus sarasinorum. Draco, 9(4), 50-54.", "Henkel, F.-W. &amp; Bohme, W. (2001) A new carphodactyline gecko of the New Caledonian genus Eurydactylodes (Sauria: Gekkonidae). Salamandra, 37, 149-156.", "Henkel, F.-W. &amp; Schmidt, W. (2007) Rhacodactylus ciliatus und auriculatus. Herpeton, Offenbach, 94 pp.", "Holloway, J.D. (1979) A Survey of the Lepidoptera, Biogeography and Ecology of New Caledonia. Dr. W. Junk, The Hague, The Netherlands.", "Hope, G.S. (1996) Quaternary change and the historical biogeography of Pacific Islands. In: Keast, A. &amp; Miller, S.E. (Eds.) The Origin and Evolution of Pacific island Biotas, New Guinea to Eastern Polynesia: Patterns and Processes. SPB Academic Publishing, Amsterdam, pp. 165-190.", "Ineich, I. (2009) Bocourt's terrific skink, Phoboscincus bocourti Brocchi, 1876) (Squamata, Scincidae, Lygosominae). Zoologia Neocaledonica 7, Memoires du Museum National d'Histoire Naturelle, 198, 149-174.", "IUCN (2001) IUCN Red List categories: Version 3.1. IUCN Species Survival Commission, Gland, Switzerland, and Cambridge, UK, 26 pp.", "Jackman, T.R., Bauer, A.M. &amp; Kiebish, M. (2004) Molecular systematics of the New Caledonian forest geckos (Diplodactylidae: Bavayia). New Zealand Journal of Zoology, 31,105.", "Jaffre, T., Bouchet, P. &amp; Veillon, J.M. (1998) Threatened plants of New Caledonia: is the system of protected areas adequate? Biodiversity and Conservation, 7, 109-135.", "Jouan, H. (1863) Sur quelques animaux observes a la Nouvelle-Caledonie pendant les annees 1861 et 1862. Memoires de la Societe des Sciences Naturelles de Cherbourg, 9, 89-127.", "Jouan, H. (1864) Additions a la faune de la Nouvelle-Caledonie. Memoires de la Societe des Sciences Naturelles de Cherbourg, 10, 301.", "Jourdan, H., Sadlier, R. &amp; Bauer, A. (2000) Premieres observations sur les consequences de l'invasion de Wasmannia auropunctata 1863 (Roger) sur les predateurs superieurs dans les ecosystemes Neo-caledoniens. Actes des Colloques Insectes Sociaux, 13, 121-126", "Jourdan, H., Sadlier, R.A. &amp; Bauer, A.M. (2001) Little fire ant invasion (Wasmannia auropunctata) as a threat to New Caledonian lizards: evidences from the sclerophyll forest (Hymenoptera: Formicidae). Sociobiology, 38, 283-301.", "Kaverkin, Y. (2009) Haltung und Nachzucht von Rhacodactylus trachyrhynchus trachycephalus. Draco, 9(4), 37-41.", "King, M. (1987) Monophyleticism and polyphyleticism in the Gekkonidae: a chromosomal perspective. Australian Journal of Zoology, 35, 641-654.", "King, M. &amp; Mengden, G. (1990) Chromosomal evolution in the Diplodactylinae (Gekkonidae: Reptilia). II. Chromosomal variability between New Caledonian species. Australian Journal of Zoology, 38, 219-226.", "Kluge, A.G. (1967) Systematics, phylogeny, and zoogeography of the lizard genus Diplodactylus Gray (Gekkonidae). Australian Journal of Zoology, 15, 1007-1108.", "Kluge, A.G. (2001) Gekkotan lizard taxonomy. Hamadryad, 26, 1-209.", "Kroenke, L.W. (1996) Plate tectonic development of the western and southwestern Pacific: Mesozoic to the present. In: Keast, A. &amp; Miller, S.E. (Eds.) The Origin and Evolution of Pacific island Biotas, New Guinea to Eastern Polynesia: Patterns and Processes. SPB Academic Publishing, Amsterdam, pp. 19-34.", "Kullimann, B. (1995) Uber die Wiederentdeckung des Kronengeckos (Rhacodactylus ciliatus) in Neu Kaledonien. Elaphe, 3, 68-71.", "Ladiges, P.Y. &amp; Cantrill, D. (2007) New Caledonia-Australian connections: biogeographic patterns and geology. Australian Systematic Botany, 20, 383-389.", "LaFerte-Senectere, F. T. (1851) Revision de la tribu des patellimanes de Dejean coleopteres pentameres de la famille des carabiques. Annales de la Socie'te Entomologique de France, 9, 209-294.", "Langner, C. (2009) Der Neukaledonische Flechtengecko, Rhacodactylus chahoua. Draco, 9(4), 64-71.", "Lee, D.E., Lee, W.G. &amp; Mortimer, N. (2001) Where and why have all the flowers gone? Depletion and turnover in the New Zealand Cenozoic angiosperm flora in relation to palaeogeography and climate. Australian Journal of Botany, 49, 341-356.", "Lowry, P.P., II. (1998) Diversity, endemism, and extinction in the flora of New Caledonia: a review. In: Peng, C.-I. &amp; Lowry, P.P., II (Eds.) Threatened and Endangered Floras of Asia and the Pacific Rim. Academia Sinica Monograph Series No. 16, Taipei, Taiwan, pp 181-206.", "Lowry, P.P. II, Munzinger, J., Bouchet, P., Geraux, H., Bauer, A.M., Langrand, O. &amp; Mittermeier, R.A. (2004) New Caledonia. In: Mittermeier, R.A., Gil, P.R., Hoffmann, M., Pilgrim, J., Brooks, T., Mittermeier, C.G., Lamoreux, J. &amp; da Fonseca, G.A.B. (Eds.) Hotspots Revisited. CEMEX, Mexico City, pp. 192-197.", "Maniatis, T., Fritsch, E.F. &amp; Sambrook, J. (1982) Molecular Cloning: A Laboratory Manual. Cold Spring Harbor Laboratory, Cold Spring Harbor, New York, 545 pp.", "Mittermeier, R.A., Werner, T.B. &amp; Lees, A. (1996) New Caledonia - a conservation imperative for an ancient land. Oryx, 30, 104-112.", "Morat, P. (1993) Our knowledge of the flora of New Caledonia: endemism and diversity in relation to vegetation types and substrates. Biodiversity Letters, 1, 72-81.", "Morat, P., Jaffre, T., Veillon, J.-M. &amp; MacKee, H.S. (1986) Affinites floristiques et considerations sur l'origine des maquis miniers de la Nouvelle-Caledonie. Bulletin du Museum National d'Histoire Naturelle, Paris, 4e serie, section B, Adansonia, 2, 133-182.", "Munzinger, J., Barrabe, L. &amp; Swenson, U. (2009) Compte-rendu de mission sur l'ile Art, 24-27 Aout 2009. Unpublished report, Laboratoire de Botanique et d'Ecologie Vegetale Appliquees, IRD, Noumea, 6 pp.", "Murienne, J., Grandcolas, P., Piulachs, M., Belles, X., D'Haese, C., Legendre, F., Pellens, R. &amp; Guilbert,E. (2005) Evolution on a shaky piece of Gondwana: is local endemism recent in New Caledonia? Cladistics, 21, 2-7.", "Myers, A. (1997) The maintenance and breeding of Sarasin's gecko, Rhacodactylus sarasinorum Roux. Reptilian, 5(3), 34-36, 38-39.", "Myers, A. (1999) The New Caledonian geckos of the genus Rhacodactylus Fitzinger. Gekko, 1(1), 30-34.", "Myers, A. &amp; Pether, J. (1998) The New Caledonian live-bearing gecko (Rhacodactylus trachyrhynchus). Reptiles, 6(11), 10-12, 14, 16, 18.", "Myers, N. (1988) Threatened biotas: \"hot spots\" in tropical forests. The Environmentalist, 8, 187-208.", "Myers, N. (1990) The biodiversity challenge: expanded hot-spot analysis. The Environmentalist, 10, 243-256.", "Myers, N., Mittermeier, R.A., Mittermeier, C.G., da Fonseca, G.A.B. &amp; Kent, J. (2000) Biodiversity hotspots for conservation priorities. Nature, 403, 853-858.", "Nielsen, S.V., Bauer, A.M., Jackman, T.R., Hitchmough, R.A. &amp; Daugherty, C.H. (2011) New Zealand geckos (Diplodactylidae): cryptic diversity in a post-Gondwanan lineage with trans-Tasman affinities. Molecular Phylogenetics and Evolution, 59, 1-22.", "Nylander, J.A.A., Wilgenbusch, J.C., Warren, D.L. &amp; Swofford, D.L. (2008) AWTY (are we there yet?): a system for graphical exploration of MCMC convergence in Bayesian phylogenetics. Bioinformatics, 24, 581-583.", "Oliver, P. &amp; Sanders, K.L. (2009) Molecular evidence for Gondwanan origins of multiple lineages within a diverse Australasian gecko radiation. Journal of Biogeography, 36, 2044-2055.", "Parker, H.W. (1926) A new Lizard from New Caledonia. Annals and Magazine of Natural History, series 9, 18, 493-495.", "Pelletier, B. (2006) Geology of the New Caledonia region and its implications for the study of New Caledonian biodiversity. In: Payri, C. &amp; Richer de Forges, B (Eds.) Compendium of Marine Species from New Caledonia. Dossiers Scientifiques et Techniques, II. IRD Noumea, New Caledonia, pp. 19-32.", "Peters, W. (1869) Uber neue Gattungen und neue oder weniger bekannte Arten von Amphibien. Monatsberichte der Koniglichen Preussischen Akademie der Wissenschaften zu Berlin, 1869, 432-445, 1 pl.", "Petren, K. &amp; Case, T.J. (1996) An experimental demonstration of exploitation competition in an ongoing invasion. Ecology, 77, 118-132", "Petren, K., Bolger, D.T. &amp; Case, T.J. (1993) Mechanisms in the competitive success of an invading sexual gecko over an asexual native. Science, 259, 354-358.", "Platnick, N.I. (1993) The araneomorph spider fauna of New Caledonia. Biodiversity Letters, 1, 102-106.", "Posada, D. &amp; Crandall, K.A. (1998) Modeltest: testing the model of DNA substitution. Bioinformatics, 14, 817-818.", "Rambaut, A. &amp; Drummond, A.J. (2007) Tracer, version 1.5. Available from http://beast.bio.ed.ac.uk/Tracer", "Rivas Fuenmayor, G., Barros, T., Ugueto, G.N. &amp; Bauer, A.M. (2005) Expansion and natural habits of a successful colonizing gecko in Venezuela (Reptilia: Gekkonidae: Hemidactylus mabouia) and the discovery of H. frenatus in Venezuela. Herpetological Review, 36, 121-125.", "Roger, J. (1863) Die neu aufgefuhrten Gattungen und Arten meines Formiciden Verzeichnisses. Berliner Entomologische Zeitschrift, 7, 131-214.", "Ronquist, F. &amp; Huelsenbeck, J.P. (2003) MRBAYES 3: Bayesian phylogenetic inference under mixed models. Bioinformatics, 19, 1572-1574.", "Roux J. (1913) Les reptiles de la Nouvelle-Caledonie et des Iles Loyalty. In: Sarasin F. &amp; Roux J. (Eds.) Nova Caledonia, Zoologie. C.W. Kreidels Verlag, Wiesbaden, pp. 79-160, pls. 4-5.", "Russell, A.P. &amp; Bauer, A.M. (1986) Le gecko geant Hoplodactylus delcourti et ses relations avec le gigantisme et l'endemisme insulaire chez les Gekkonidae. Mesogee, 46, 25-28.", "Sadlier, R.A. (1986) A review of the scincid lizards of New Caledonia. Records of the Australian Museum, 39, 1-66.", "Sadlier, R.A. (1989) Bavayia validiclavis and Bavayia septuiclavis, two new species of gekkonid lizard from New Caledonia. Records of the Australian Museum, 40, 365-370.", "Sadlier, R.A., Bauer, A.M. &amp; Colgan, D.J. (1999) The scincid lizard genus Caledoniscincus (Reptilia: Scincidae) from New Caledonia in the southwest Pacific: a review of Caledoniscincus austrocaledonicus (Bavay) and description of six new species from Province Nord. Records of the Australian Museum, 51, 57-82.", "Sadlier, R.A., Bauer, A.M., Whitaker, A.H. &amp; Smith, S.A. (2004) Two new scincid lizards (Squamata: Scincidae) from the Massif de Kopeto, northwestern New Caledonia. Proceedings of the California Academy of Sciences, 55, 208-221.", "Sadlier, R.A., Smith, S.A. &amp; Bauer, A.M. (2006) A new genus and species for the New Caledonian lizard Lygosoma euryotis Werner, 1909, and the description of a new species. Records of the Australian Museum, 58, 19-28", "Sadlier, R.A, Smith, S.A., Bauer, A.M. &amp; Whitaker, A.H. (2004) A new genus and species of live-bearing scincid lizard (Reptilia: Scincidae) from New Caledonia. Journal of Herpetology, 38, 117-127.", "Sadlier, R.A., Smith, S.A., Bauer, A.M. &amp; Whitaker, A.H. (2009) Three new species of skink in the genus Marmorosphax Sadlier (Squamata: Scincidae) from New Caledonia. Zoologia Neocaledonica 7, Memoires du Museum National d'Histoire Naturelle, 198, 373-390", "Sauvage, H.E. (1879) Note sur les geckotiens de la Nouvelle-Caledonie. Bulletin de la Societe Philomathique de Paris, (7)3, 63-73.", "Schonecker, P. &amp; Schonecker, S. (2009a) Die Gattung Rhacodactylus. Draco, 9(4), 4-13.", "Schonecker, P. &amp; Schonecker, S. (2009b) Biologie, Haltung und Nachzucht von Rhacodactylus leachianus henkeli. Draco, 9(4), 42-49.", "Seipp, R. &amp; Henkel, F.-W. (2000) Rhacodactylus: Biology, Natural History and Husbandry. Edition Chimaira, Frankfurt am Main, 173 pp.", "Seipp, R. &amp; Henkel, F.-W. (2011) Rhacodactylus: Biology, Natural History and Husbandry, 2nd ed. Edition Chimaira, Frankfurt am Main, 173 pp.", "Seipp, R. &amp; Klemmer, K. (1994) Wiederentdeckung von Rhacodactylus ciliatus Guichenot 1866 im Suden Neukaledoniens (Reptilia: Sauria: Gekkonidae). Senckenbergiana Biologica, 24, 199-204.", "Seipp, R. &amp; Obst, F.J. (1994) Beschreibung einer neuen Unterart des neukaledonischen Rhacodactylus leachianus Cuvier 1829. Senckenbergiana Biologica, 74, 205-211.", "Seret, B. (1997) Les poissons d'eau douce de Nouvelle-Caledonie: implications biogeographiques de recentes decouvertes. Zoologia Neocaledonica 4, Memoires du Museum National d'Histoire Naturelle, Paris, 171, 369-378.", "Skipwith, P.L. (2011) The phylogenetic relationships of New Caledonian diplodactylid geckos with special emphasis on Rhacodactylus. Unpublished M. S. thesis, Villanova University, viii + 141 pp.", "Smith, S.A., Sadlier, R.A., Bauer, A.M. &amp; Jackman, T. (2007) Molecular phylogeny of the scincid lizards of New Caledonia and adjacent areas: evidence for a single origin of the endemic skinks of Tasmantis. Molecular Phylogenetics and Evolution, 43, 1151-1166.", "Snyder, J., Snyder, L. &amp; Bauer, A.M. (2010) Ecological observations on the gargoyle gecko, Rhacodactylus auriculatus (Bavay, 1869) in southern New Caledonia. Salamandra, 46, 37-47.", "Sommer, L. (2009) Introduktion til Rhacodactylus ciliatus - Kronegekko. Nordisk Herpetologisk Forening, 51,178-185.", "Stamatakis, A (2006) RAxML-VI-HPC: Maximum likelihood-based phylogenetic analyses with thousands of taxa and mixed models. Bioinformatics, 22, 2688-2690.", "Stark, T. (2006) Ervaringen Rhacodactylus chahoua. Lacerta, 64(2), 48-54.", "Storelli, A. (1994) Gecko nouveau! On a retrouve le ciliatus! Les Nouvelles Hebdo n\u00b0 320 (21 avril 1994), 16-17.", "Swofford, D.L. (2002) PAUP*. Phylogenetic Analysis Using Parsimony (* and other methods), version 4b10. Sinauer Associates, Sunderland, Massachusetts.", "Troger, M. (2001) Anmerkungen zur Pflege und Nachzucht von Rhacodactylus l. leachianus (Cuvier, 1829). Elaphe, 9(1), 15-17.", "Tytle, T. (1992) The natural history and captive husbandry of the New Caledonian lizard genus Rhacodactylus. Vivarium, 3(6), 32, 34-36.", "Vences, M., Henkel, F.-W. &amp; Seipp, R. (2001) Molekulare Untersuchungen zur Phylogenie und Taxonomie der Neukaledonischen Geckos der Gattung Rhacodactylus (Reptilia: Gekkonidae). Salamandra, 37, 73-82.", "Watkins-Colwell, G.J. (2003) Gecko hunting in New Caledonia. Gekko, 3(2), 2-8.", "Wermuth, H. (1965) Liste der rezenten Amphibien und Reptilien: Gekkonidae, Pygopodidae, Xantusiidae. Das Tierreich 80. Walter de Gruyter, Berlin, xxii + 246 pp.", "Whitaker, A.H., Sadlier, R.A., Bauer, A.M. &amp; Whitaker, V.A. (2004) Biodiversity and conservation status of lizards in threatened and restricted habitats of north-western New Caledonia. Unpublished report by Whitaker Consultants Limited to Direction du Developpement Economique et de l'Environnement, Province Nord, Kone, New Caledonia, viii + 106 pp.", "Wirth, M. &amp; Peukert, D. (2009) Kobolde im Blatterdach - der Kronengecko, Rhacodactylus ciliatus. Draco, 9(4), 23-26.", "Wirth, M. &amp; Peukert, D. (2009) Zur Haltung und Nachzucht des Hoeckerkopfgeckos, Rhacodactylus auriculatus. Draco, 9(4), 55-63.", "Wright, J.L., Bauer, A.M. &amp; Sadlier, R.A. (1999) Two new gecko species allied to Bavayia sauvagii and Bavayia cyclura (Reptilia: Squamata: Diplodactylidae) from New Caledonia. Pacific Science, 54, 39-55."]}</description>
  </descriptions>
</resource>
