<?xml version="1.0" encoding="utf-8"?>
<resource xmlns:xsi="http://www.w3.org/2001/XMLSchema-instance" xmlns="http://datacite.org/schema/kernel-4" xsi:schemaLocation="http://datacite.org/schema/kernel-4 http://schema.datacite.org/meta/kernel-4.1/metadata.xsd">
  <identifier identifierType="DOI">10.5281/ZENODO.1489353</identifier>
  <creators>
    <creator>
      <creatorName>Rutherford, Kim Matthew</creatorName>
      <givenName>Kim Matthew</givenName>
      <familyName>Rutherford</familyName>
      <nameIdentifier nameIdentifierScheme="ORCID" schemeURI="http://orcid.org/">0000-0001-6277-726X</nameIdentifier>
      <affiliation>University of Cambridge</affiliation>
    </creator>
    <creator>
      <creatorName>Gemmell, Neil J.</creatorName>
      <givenName>Neil J.</givenName>
      <familyName>Gemmell</familyName>
      <nameIdentifier nameIdentifierScheme="ORCID" schemeURI="http://orcid.org/">0000-0003-0671-3637</nameIdentifier>
      <affiliation>University of Otago</affiliation>
    </creator>
  </creators>
  <titles>
    <title>Gene Predictions In Gff Format For Tuatara Genome Assembly Qepc00000000.1</title>
  </titles>
  <publisher>Zenodo</publisher>
  <publicationYear>2018</publicationYear>
  <dates>
    <date dateType="Issued">2018-11-16</date>
  </dates>
  <resourceType resourceTypeGeneral="Dataset"/>
  <alternateIdentifiers>
    <alternateIdentifier alternateIdentifierType="url">https://zenodo.org/record/1489354</alternateIdentifier>
  </alternateIdentifiers>
  <relatedIdentifiers>
    <relatedIdentifier relatedIdentifierType="DOI" relationType="HasVersion">10.5281/zenodo.1489354</relatedIdentifier>
  </relatedIdentifiers>
  <rightsList>
    <rights rightsURI="https://creativecommons.org/licenses/by/4.0/">Creative Commons Attribution 4.0</rights>
    <rights rightsURI="info:eu-repo/semantics/openAccess">Open Access</rights>
  </rightsList>
  <descriptions>
    <description descriptionType="Abstract">&lt;p&gt;&lt;strong&gt;Maker gene predictions for Sphenodon punctatus (tuatara) isolate: mauimua-1&amp;nbsp;&lt;/strong&gt;&amp;nbsp;&amp;nbsp;&amp;nbsp;&amp;nbsp;&amp;nbsp;&amp;nbsp;&amp;nbsp;&amp;nbsp;&amp;nbsp;&amp;nbsp;&amp;nbsp;&amp;nbsp;&amp;nbsp;&amp;nbsp;&amp;nbsp;&amp;nbsp;&amp;nbsp;&amp;nbsp;&amp;nbsp;&amp;nbsp;&amp;nbsp;&amp;nbsp;&amp;nbsp;&amp;nbsp;&amp;nbsp;&amp;nbsp;&amp;nbsp;&amp;nbsp;&amp;nbsp;&amp;nbsp;&amp;nbsp;&amp;nbsp;&amp;nbsp;&amp;nbsp;&amp;nbsp;&amp;nbsp;&amp;nbsp;&amp;nbsp;&amp;nbsp;&amp;nbsp;&amp;nbsp;&amp;nbsp;&amp;nbsp;&amp;nbsp;&amp;nbsp;&amp;nbsp;&amp;nbsp;&amp;nbsp;&amp;nbsp;&amp;nbsp;&amp;nbsp;&amp;nbsp;&amp;nbsp;&amp;nbsp;&amp;nbsp;&amp;nbsp;&amp;nbsp;&amp;nbsp;&amp;nbsp;&amp;nbsp;&amp;nbsp;&amp;nbsp;&amp;nbsp;&amp;nbsp;&amp;nbsp;&amp;nbsp;&amp;nbsp;&amp;nbsp;&amp;nbsp;&amp;nbsp;&amp;nbsp;&amp;nbsp;&amp;nbsp;&amp;nbsp;&amp;nbsp;&amp;nbsp;&amp;nbsp;&amp;nbsp;&amp;nbsp;&amp;nbsp;&amp;nbsp;&amp;nbsp;&amp;nbsp;&amp;nbsp;&amp;nbsp;&amp;nbsp;&amp;nbsp;&amp;nbsp;&amp;nbsp;&amp;nbsp;&amp;nbsp;&amp;nbsp;&amp;nbsp;&amp;nbsp;&amp;nbsp;&amp;nbsp;&amp;nbsp;&amp;nbsp;&amp;nbsp;&amp;nbsp;&amp;nbsp;&amp;nbsp;&amp;nbsp;&amp;nbsp;&amp;nbsp;&amp;nbsp;&amp;nbsp;&amp;nbsp;&amp;nbsp;&amp;nbsp;&amp;nbsp;&amp;nbsp;&lt;br&gt;
&lt;br&gt;
These GFF files correspond to the genome assembly in GenBank ID QEPC00000000.1&lt;br&gt;
https://www.ncbi.nlm.nih.gov/nuccore/QEPC00000000.1&lt;/p&gt;

&lt;p&gt;Files:&lt;/p&gt;

&lt;p&gt;&amp;nbsp;&lt;strong&gt;MASKED_Tuatara.DEVO.annot15102.gff.gz&lt;/strong&gt;&lt;br&gt;
&amp;nbsp;&amp;nbsp; - gene and transcript predictions only&lt;br&gt;
&lt;br&gt;
&amp;nbsp;&lt;strong&gt;20160427.tuatara.maker.raw.gff3.gz&lt;/strong&gt;&lt;br&gt;
&amp;nbsp;&amp;nbsp; - raw Maker output including gene and transcript predictions, alignment results and output of individual gene prediction algorithms (SNAP and Augustus).&lt;/p&gt;

&lt;p&gt;&lt;br&gt;
&lt;br&gt;
&amp;nbsp;&lt;/p&gt;</description>
    <description descriptionType="Other">This work is supported by Ngatiwai iwi, Allan Wilson Centre, University of Otago, New Zealand Genomics Limited, Illumina, National eScience Infrastructure (NeSI NZ).</description>
  </descriptions>
</resource>